zipcode,total_pop,college_pop,college_percent,    Population 18 to 24 years,        Bachelor's degree or higher,    Population 25 years and over,        Bachelor's degree or higher,    Population 25 to 34 years,        Bachelor's degree or higher,    Population 35 to 44 years,        Bachelor's degree or higher,    Population 45 to 64 years,        Bachelor's degree or higher,    Population 65 years and over,        Bachelor's degree or higher
60002,"35,142","11,452",0.325877867,"1,812",98,"16,665","5,677","2,228",799,"3,120","1,325","7,422","2,491","3,895","1,062"
60004,"75,641","43,973",0.581338163,"2,359",709,"36,641","21,632","5,709","3,651","6,724","4,764","14,725","9,039","9,483","4,178"
60005,"46,307","23,208",0.501176928,"1,563",226,"22,372","11,491","3,526","2,065","4,058","2,442","8,814","4,648","5,974","2,336"
60007,"51,855","18,224",0.35144152,"2,247",482,"24,804","8,871","4,430","2,003","4,321","1,775","9,680","3,211","6,373","1,882"
60008,"32,249","11,018",0.341654005,"1,681",236,"15,284","5,391","3,833","1,598","2,573","1,142","5,500","1,592","3,378","1,059"
60010,"68,054","44,150",0.648749522,"2,598",586,"32,728","21,782","2,660","1,671","5,182","3,751","15,491","11,137","9,395","5,223"
60012,"15,576","8,021",0.514958911,926,145,"7,325","3,938",668,346,"1,043",553,"4,108","2,320","1,506",719
60013,"38,223","15,462",0.404520838,"2,467",462,"17,878","7,500","2,891","1,209","3,067","1,543","8,658","3,812","3,262",936
60014,"69,262","27,119",0.39154226,"3,678",573,"32,792","13,273","5,452","2,171","6,471","2,601","14,447","6,394","6,422","2,107"
60015,"38,762","28,104",0.725039988,"2,564",598,"18,099","13,753","1,648","1,247","3,449","2,933","8,555","6,540","4,447","3,033"
60016,"92,130","35,586",0.386258548,"4,108",642,"44,011","17,472","9,472","4,876","7,776","3,542","16,405","5,906","10,358","3,148"
60018,"43,712","11,239",0.257114751,"2,804",299,"20,454","5,470","3,888","1,646","3,742",983,"8,214","1,974","4,610",867
60020,"16,092","3,638",0.226075068,938,0,"7,577","1,819",934,260,"1,592",669,"3,075",607,"1,976",283
60021,"8,013","3,895",0.486085112,543,109,"3,735","1,893",839,650,552,262,"1,785",835,559,146
60022,"11,600","9,851",0.849224138,394,81,"5,603","4,885",289,194,983,971,"2,719","2,498","1,612","1,222"
60025,"59,388","35,396",0.596012662,"2,006",450,"28,691","17,473","3,510","2,030","4,924","3,303","11,913","7,721","8,344","4,419"
60026,"20,306","13,523",0.6659608,586,113,"9,860","6,705","1,233",927,"1,617","1,219","3,851","3,001","3,159","1,558"
60029,645,449,0.696124031,23,7,311,221,46,17,53,45,142,103,70,56
60030,"53,544","23,917",0.446679367,"3,496",629,"25,024","11,644","4,132","2,040","4,307","2,525","10,779","5,316","5,806","1,763"
60031,"53,979","25,363",0.469867912,"4,059",785,"24,960","12,289","3,909","1,761","4,823","2,755","11,591","6,092","4,637","1,681"
60033,"18,248","2,780",0.152345463,"1,176",68,"8,536","1,356","1,778",198,"1,604",266,"3,390",550,"1,764",342
60034,"3,044",575,0.188896189,184,23,"1,430",276,348,60,164,33,643,134,275,49
60035,"43,383","31,328",0.722126178,"1,405",358,"20,989","15,485","1,741","1,133","3,340","2,738","9,170","6,782","6,738","4,832"
60040,"7,335","2,771",0.377777778,317,47,"3,509","1,362",840,297,715,151,"1,302",668,652,246
60041,"13,103","3,286",0.250782264,893,108,"6,105","1,589","1,268",390,733,222,"2,602",551,"1,502",426
60042,"12,757","3,424",0.268401662,667,96,"6,045","1,664",845,308,"1,201",363,"2,864",767,"1,135",226
60043,"3,157","2,820",0.893253088,179,46,"1,489","1,387",60,52,263,263,798,756,368,316
60044,,,,952,309,"6,865","4,635","1,198",842,"1,027",762,"3,071","2,133","1,569",898
60045,,,,"2,062",499,"14,256","11,460","1,098",817,"1,991","1,765","6,364","5,476","4,803","3,402"
60046,,,,"3,358",353,"22,709","9,465","3,243","1,297","4,437","2,497","10,478","4,275","4,551","1,396"
60047,,,,"3,743",837,"28,243","17,533","3,813","2,415","4,792","3,546","14,295","8,957","5,343","2,615"
60048,,,,"2,614",507,"19,269","13,240","1,832","1,372","3,076","2,513","9,806","7,042","4,555","2,313"
60050,,,,"3,023",385,"22,305","5,870","4,228","1,235","4,325","1,348","9,014","2,394","4,738",893
60051,,,,"2,139",174,"15,800","4,453","2,436",869,"3,014","1,138","7,221","1,790","3,129",656
60053,,,,"1,369",340,"17,456","7,767","2,186","1,260","2,809","1,629","6,531","2,789","5,930","2,089"
60056,,,,"3,112",628,"38,659","16,962","6,745","3,762","8,138","3,872","14,352","6,474","9,424","2,854"
60060,,,,"3,421",498,"25,810","11,340","5,623","2,444","4,569","2,089","10,443","4,816","5,175","1,991"
60061,,,,"1,694",516,"17,987","11,346","2,963","1,914","4,274","3,074","7,229","4,776","3,521","1,582"
60062,,,,"1,664",536,"30,127","20,163","2,676","1,976","4,289","3,434","12,161","8,508","11,001","6,245"
60064,,,,"2,060",269,"9,275","1,072","2,462",479,"1,835",77,"3,460",376,"1,518",140
60067,,,,"1,896",396,"27,393","16,820","4,234","3,010","4,727","3,226","12,004","7,614","6,428","2,970"
60068,,,,"2,294",631,"26,226","15,730","2,890","1,977","4,683","3,389","11,120","6,920","7,533","3,444"
60069,,,,595,174,"6,211","4,048",550,411,734,633,"2,064","1,491","2,863","1,513"
60070,,,,"1,060",144,"10,731","3,816","2,219","1,091","2,165",730,"3,865","1,219","2,482",776
60071,,,,394,42,"2,482",701,322,102,506,168,"1,133",319,521,112
60072,,,,116,5,716,223,65,12,108,35,347,122,196,54
60073,,,,"6,448",426,"36,947","9,321","8,036","2,019","9,597","3,059","14,090","3,498","5,224",745
60074,,,,"2,760",528,"26,709","10,648","7,453","3,026","5,252","1,919","9,395","4,136","4,609","1,567"
60076,,,,"2,131",507,"22,595","10,801","2,910","1,433","3,816","2,027","9,271","4,678","6,598","2,663"
60077,,,,"2,029",225,"19,992","8,747","3,345","1,761","3,530","1,643","7,771","3,368","5,346","1,975"
60081,,,,860,63,"6,570","1,809",851,272,"1,025",350,"3,439",857,"1,255",330
60083,,,,969,244,"6,644","2,870",823,382,"1,390",801,"2,921","1,243","1,510",444
60084,,,,"1,451",197,"11,652","4,648","2,172","1,051","2,128",970,"5,001","1,875","2,351",752
60085,,,,"8,579",554,"41,686","5,845","10,375","1,580","10,063","1,108","15,306","2,291","5,942",866
60087,,,,"2,434",119,"17,056","2,863","3,821",546,"3,321",568,"6,707","1,106","3,207",643
60088,,,,"8,064",260,"3,723","1,166","3,046",871,375,204,241,91,61,0
60089,,,,"2,522",827,"29,069","19,222","4,655","3,510","6,169","4,714","12,293","8,194","5,952","2,804"
60090,,,,"2,694",476,"27,932","11,267","7,279","3,944","5,091","1,974","9,965","3,551","5,597","1,798"
60091,,,,"1,109",231,"18,269","15,204","1,147",858,"3,356","3,011","8,538","7,475","5,228","3,860"
60093,,,,927,173,"12,656","10,752","1,170",804,"2,091","1,911","5,722","5,161","3,673","2,876"
60096,,,,503,111,"5,015","1,406",783,198,803,262,"2,333",710,"1,096",236
60097,,,,432,19,"7,759","1,804","1,430",239,"1,660",540,"3,324",727,"1,345",298
60098,,,,"2,672",234,"22,123","6,780","3,835","1,264","3,742","1,088","8,971","2,863","5,575","1,565"
60099,,,,"3,086",224,"18,567","3,543","4,022",815,"3,740",718,"7,070","1,328","3,735",682
60101,,,,"3,618",313,"26,216","6,149","5,876","2,012","4,914","1,245","9,676","2,012","5,750",880
60102,,,,"2,772",531,"22,222","10,076","3,295","1,925","4,150","2,232","10,662","4,721","4,115","1,198"
60103,,,,"3,292",803,"28,567","12,684","4,720","2,612","5,582","3,013","12,930","5,582","5,335","1,477"
60104,,,,"1,966",78,"12,775","2,291","2,928",564,"2,130",421,"4,858",949,"2,859",357
60106,,,,"1,916",243,"14,023","3,040","3,566","1,096","2,409",471,"5,153",928,"2,895",545
60107,,,,"3,187",197,"27,938","7,858","5,750","1,809","6,084","1,869","11,313","3,062","4,791","1,118"
60108,,,,"1,776",466,"16,496","6,127","2,957","1,253","2,869","1,601","6,004","2,045","4,666","1,228"
60109,,,,110,12,393,129,40,13,62,27,197,75,94,14
60110,,,,"4,421",291,"22,188","4,253","5,041",930,"5,631","1,275","8,608","1,712","2,908",336
60111,,,,0,0,155,40,0,0,0,0,52,24,103,16
60112,,,,456,52,"2,713",937,893,326,850,322,721,212,249,77
60113,,,,40,1,209,30,50,6,33,5,86,12,40,7
60115,,,,"14,339","1,657","22,899","8,910","6,750","2,578","3,935","1,451","7,989","3,171","4,225","1,710"
60118,,,,"1,264",193,"11,812","4,839","1,775",749,"1,839","1,009","5,343","2,211","2,855",870
60119,,,,776,291,"6,818","2,974",911,411,"1,233",612,"3,295","1,462","1,379",489
60120,,,,"5,231",238,"31,247","5,484","7,290","1,475","6,667",972,"12,063","1,943","5,227","1,094"
60123,,,,"4,897",521,"31,764","7,455","6,712","1,459","6,149","1,385","12,518","3,086","6,385","1,525"
60124,,,,"1,264",248,"15,640","6,563","2,848","1,591","2,915","1,460","5,737","2,280","4,140","1,232"
60126,,,,"4,475",879,"31,674","18,664","4,236","2,880","6,212","4,388","13,735","8,440","7,491","2,956"
60129,,,,10,0,203,34,43,9,21,2,43,13,96,10
60130,,,,"1,004",352,"11,064","5,557","2,867","1,876","2,092","1,314","3,891","1,572","2,214",795
60131,,,,"1,707",159,"12,281","2,240","2,538",817,"2,493",471,"4,678",657,"2,572",295
60133,,,,"4,143",450,"23,887","6,436","5,366","1,635","5,513","1,404","9,135","2,261","3,873","1,136"
60134,,,,"2,065",294,"19,572","12,379","2,573","1,762","4,032","2,860","8,927","5,671","4,040","2,086"
60135,,,,894,83,"4,556",899,726,141,997,185,"2,025",358,808,215
60136,,,,105,77,"5,366","2,309","1,854",750,"1,092",604,"1,862",802,558,153
60137,,,,"2,837",734,"25,478","16,198","3,409","2,147","4,911","3,706","10,958","7,335","6,200","3,010"
60139,,,,"2,924",504,"22,769","6,416","6,434","2,292","4,553","1,178","7,919","2,001","3,863",945
60140,,,,"1,288",308,"12,514","4,643","1,951",571,"2,747","1,315","5,274","2,058","2,542",699
60141,,,,8,0,294,93,0,0,0,0,52,3,242,90
60142,,,,"1,566",219,"21,169","7,122","1,898",926,"3,072","1,745","7,085","2,690","9,114","1,761"
60143,,,,708,234,"8,435","3,317","1,361",583,"1,291",590,"3,593","1,478","2,190",666
60144,,,,0,0,51,9,3,1,5,0,29,8,14,0
60145,,,,296,0,"1,700",334,464,98,305,51,684,156,247,29
60146,,,,226,14,"1,613",333,288,133,265,41,599,93,461,66
60148,,,,"4,891","1,070","36,716","16,932","8,023","4,655","6,415","3,428","13,644","6,084","8,634","2,765"
60150,,,,202,61,"1,334",397,153,46,256,67,618,176,307,108
60151,,,,277,11,"3,049",855,575,225,533,157,"1,411",401,530,72
60152,,,,956,149,"8,473","2,305","1,307",295,"1,333",464,"3,603",912,"2,230",634
60153,,,,"2,671",243,"16,035","2,140","3,225",455,"3,104",440,"6,187",871,"3,519",374
60154,,,,"1,049",204,"12,490","5,220","1,746","1,006","2,265",992,"4,585","2,004","3,894","1,218"
60155,,,,415,79,"5,843","1,177","1,349",401,886,181,"2,284",395,"1,324",200
60156,,,,"3,217",254,"17,842","6,832","3,491","1,544","4,314","1,772","7,696","2,984","2,341",532
60157,,,,413,43,"1,919",680,130,55,434,261,893,293,462,71
60160,,,,"2,001",32,"16,218","2,071","4,351",646,"4,012",448,"5,160",626,"2,695",351
60162,,,,875,92,"5,777",981,"1,402",353,980,76,"2,421",300,974,252
60163,,,,400,8,"3,628",680,879,176,462,112,"1,492",262,795,130
60164,,,,"1,932",186,"13,877","1,712","2,828",545,"2,685",194,"5,490",678,"2,874",295
60165,,,,559,7,"2,905",154,682,67,846,11,"1,131",47,246,29
60169,,,,"3,064",609,"22,703","9,247","5,417","3,034","4,407","1,830","8,962","3,089","3,917","1,294"
60171,,,,604,84,"7,171","1,396","1,690",392,"1,245",351,"2,776",408,"1,460",245
60172,,,,"2,467",345,"16,911","6,579","2,943","1,491","3,420","1,645","7,100","2,446","3,448",997
60173,,,,837,380,"9,202","5,894","3,038","2,270","2,399","1,738","2,560","1,293","1,205",593
60174,,,,"2,702",579,"22,087","10,027","3,692","1,697","3,460","1,720","9,487","4,358","5,448","2,252"
60175,,,,"1,985",444,"17,212","9,962","2,404","1,433","2,908","2,193","8,543","5,109","3,357","1,227"
60176,,,,900,12,"8,088","1,537","1,046",309,"2,152",480,"3,243",542,"1,647",206
60177,,,,"2,160",355,"15,010","5,353","2,486",938,"3,239","1,362","6,781","2,716","2,504",337
60178,,,,"2,128",275,"14,427","5,577","2,675",884,"2,862","1,244","5,598","2,419","3,292","1,030"
60180,,,,135,43,"1,128",197,183,55,246,29,421,98,278,15
60181,,,,"2,584",480,"19,523","7,135","4,269","2,066","3,984","1,401","7,502","2,826","3,768",842
60184,,,,141,49,"1,900",840,219,108,290,147,826,368,565,217
60185,,,,"3,375",359,"23,440","6,793","4,858","1,228","4,853","1,343","9,767","3,092","3,962","1,130"
60187,,,,"4,286",522,"18,747","11,650","3,841","2,309","2,844","2,011","7,607","4,919","4,455","2,411"
60188,,,,"3,778",623,"28,950","11,667","5,677","2,665","5,386","2,425","12,495","4,621","5,392","1,956"
60189,,,,"2,104",536,"20,734","13,549","3,979","2,188","3,405","2,602","8,489","5,956","4,861","2,803"
60190,,,,765,225,"8,296","4,908",996,709,"1,100",691,"4,153","2,463","2,047","1,045"
60191,,,,"1,381",118,"9,963","2,411","1,988",563,"1,573",555,"4,077",936,"2,325",357
60192,,,,831,140,"10,796","6,587","1,533","1,061","2,167","1,624","4,955","2,954","2,141",948
60193,,,,"2,257",408,"28,481","12,289","4,751","2,465","5,879","3,093","10,990","4,696","6,861","2,035"
60194,,,,884,181,"14,392","6,609","2,958","1,711","2,774","1,646","5,506","2,218","3,154","1,034"
60195,,,,337,120,"3,402","2,321","1,325","1,116",994,745,751,291,332,169
60201,,,,"9,650","1,291","24,338","17,437","4,537","3,452","3,995","3,086","8,626","6,121","7,180","4,778"
60202,,,,"1,948",632,"23,549","14,672","5,251","3,392","4,756","3,007","9,123","5,686","4,419","2,587"
60203,,,,345,20,"2,916","2,136",202,194,628,422,"1,199",925,887,595
60301,,,,268,40,"2,284","1,810",693,676,369,263,670,529,552,342
60302,,,,"1,599",503,"22,625","15,617","3,749","2,862","4,832","3,626","8,828","6,121","5,216","3,008"
60304,,,,"1,020",225,"11,763","8,258","2,207","1,470","2,905","2,289","4,724","3,407","1,927","1,092"
60305,,,,"1,278",146,"6,885","5,538",559,465,"1,194",934,"3,297","2,741","1,835","1,398"
60401,,,,667,74,"5,653","1,071",743,218,973,303,"2,468",352,"1,469",198
60402,,,,"5,757",367,"40,079","8,600","8,304","1,764","9,965","2,422","15,235","3,368","6,575","1,046"
60403,,,,"2,039",307,"13,178","2,861","2,625",517,"2,797",746,"4,322",816,"3,434",782
60404,,,,"1,440",123,"13,044","5,094","1,827",842,"2,471","1,181","5,536","2,199","3,210",872
60406,,,,"2,698",131,"15,786","2,248","3,562",742,"3,425",529,"6,340",729,"2,459",248
60407,,,,165,0,"1,074",76,145,2,209,3,491,54,229,17
60408,,,,527,68,"3,652",518,730,112,794,187,"1,557",144,571,75
60409,,,,"4,073",177,"23,915","4,284","4,795",960,"4,412",795,"9,893","1,816","4,815",713
60410,,,,"1,058",113,"8,392","2,390","1,336",517,"1,620",631,"3,523",910,"1,913",332
60411,,,,"6,179",474,"36,185","6,061","7,978","1,363","6,612",968,"14,054","2,640","7,541","1,090"
60415,,,,"1,052",155,"9,582","1,647","2,572",481,"1,759",415,"3,298",577,"1,953",174
60416,,,,739,24,"5,912","1,140","1,263",314,"1,277",320,"2,372",383,"1,000",123
60417,,,,"1,410",162,"11,091","3,657","1,478",580,"1,339",627,"4,552","1,416","3,722","1,034"
60419,,,,"2,573",120,"14,179","2,728","2,537",299,"2,531",571,"6,242","1,440","2,869",418
60420,,,,466,32,"3,394",668,436,108,618,64,"1,404",329,936,167
60421,,,,249,10,"2,788",483,462,30,658,164,"1,064",126,604,163
60422,,,,919,78,"6,807","4,101",628,376,"1,187",752,"2,961","1,761","2,031","1,212"
60423,,,,"2,600",697,"20,832","9,705","2,282","1,162","3,739","2,310","9,953","4,510","4,858","1,723"
60424,,,,206,12,"1,694",211,289,31,243,40,803,113,359,27
60425,,,,839,28,"5,705","1,694",881,303,980,295,"2,470",713,"1,374",383
60426,,,,"3,329",130,"17,862","1,793","3,203",447,"3,736",392,"6,842",705,"4,081",249
60428,,,,"1,023",36,"7,744","1,294","1,405",205,"1,542",313,"3,026",525,"1,771",251
60429,,,,"1,356",92,"9,904","2,631","1,758",481,"1,523",374,"4,316","1,301","2,307",475
60430,,,,"1,277",259,"13,549","5,945","1,984",814,"2,758","1,353","5,543","2,507","3,264","1,271"
60431,,,,"2,113",79,"15,595","4,086","3,566",899,"3,353",951,"5,889","1,618","2,787",618
60432,,,,"2,075",60,"11,781","1,292","2,676",425,"3,062",370,"4,327",306,"1,716",191
60433,,,,"1,727",9,"10,908","1,116","2,334",275,"1,892",150,"4,101",435,"2,581",256
60435,,,,"5,337",563,"31,878","6,836","6,425","1,190","6,759","1,471","12,115","2,645","6,579","1,530"
60436,,,,"1,807",43,"11,602","1,462","2,737",418,"2,795",296,"4,272",531,"1,798",217
60437,,,,30,0,116,7,22,0,18,1,53,6,23,0
60438,,,,"2,554",392,"19,154","4,604","2,943",965,"3,862","1,050","7,970","1,820","4,379",769
60439,,,,"1,581",337,"16,821","6,756","2,054","1,005","2,506","1,378","7,268","2,994","4,993","1,379"
60440,,,,"4,919",651,"34,434","10,977","7,324","2,506","7,322","2,695","13,844","4,050","5,944","1,726"
60441,,,,"2,991",476,"23,741","6,880","5,129","1,633","4,954","1,710","9,467","2,636","4,191",901
60442,,,,915,114,"6,624","1,985","1,540",655,"1,411",519,"2,631",661,"1,042",150
60443,,,,"2,188",193,"14,929","5,074","2,189","1,034","2,380","1,152","6,820","2,109","3,540",779
60444,,,,167,9,"1,204",215,244,59,233,29,514,95,213,32
60445,,,,"2,020",191,"19,012","3,380","3,632",834,"3,152",640,"7,427","1,163","4,801",743
60446,,,,"5,521",366,"24,431","5,520","4,557","1,257","6,141","1,405","9,745","2,147","3,988",711
60447,,,,"1,021",179,"8,826","2,746","1,945",792,"2,225",631,"3,357","1,056","1,299",267
60448,,,,"1,966",382,"18,044","7,926","2,869","1,663","3,373","2,029","8,279","3,279","3,523",955
60449,,,,563,0,"7,128","1,764","1,162",359,"1,249",438,"3,027",749,"1,690",218
60450,,,,"1,518",167,"14,719","3,407","2,556",781,"2,621",714,"5,778","1,131","3,764",781
60451,,,,"3,142",637,"23,490","9,143","3,906","1,990","4,642","2,295","10,903","3,899","4,039",959
60452,,,,"2,670",415,"19,434","6,115","3,435","1,635","3,319","1,241","8,641","2,278","4,039",961
60453,,,,"4,124",807,"39,933","12,012","7,613","3,072","6,769","2,405","15,209","4,122","10,342","2,413"
60455,,,,"1,392",63,"10,952","2,062","2,628",623,"1,926",561,"3,923",554,"2,475",324
60456,,,,445,22,"2,891",406,553,223,545,31,"1,206",136,587,16
60457,,,,"1,110",182,"9,454","2,130","1,776",702,"1,875",322,"3,559",853,"2,244",253
60458,,,,"1,531",104,"9,495","1,433","2,483",412,"2,521",596,"2,981",315,"1,510",110
60459,,,,"2,840",184,"18,984","2,925","3,689","1,074","3,494",665,"7,646",896,"4,155",290
60460,,,,119,0,892,127,165,19,143,23,379,61,205,24
60461,,,,362,17,"3,417","1,791",462,227,385,233,"1,193",615,"1,377",716
60462,,,,"2,486",425,"29,169","12,094","4,718","2,446","4,795","2,468","10,868","4,414","8,788","2,766"
60463,,,,"1,094",105,"11,039","4,844","1,357",812,"1,340",711,"3,981","1,774","4,361","1,547"
60464,,,,531,62,"7,325","3,418",645,394,991,604,"2,904","1,365","2,785","1,055"
60465,,,,"1,480",242,"12,161","3,470","1,949",751,"2,223",863,"4,505","1,201","3,484",655
60466,,,,"1,519",26,"15,248","3,996","2,866",744,"3,326",791,"5,850","1,558","3,206",903
60467,,,,"1,809",647,"19,631","9,011","2,213","1,413","2,592","1,583","8,988","4,359","5,838","1,656"
60468,,,,657,36,"4,069",899,626,202,811,227,"1,734",313,898,157
60469,,,,522,50,"3,302",647,900,232,696,183,"1,277",167,429,65
60470,,,,33,12,393,30,81,10,56,8,191,6,65,6
60471,,,,"2,153",147,"8,683","2,287","1,113",371,"1,534",374,"4,384","1,211","1,652",331
60472,,,,383,20,"3,472",424,937,85,563,38,"1,167",177,805,124
60473,,,,"1,772",140,"14,830","4,138","2,584",529,"2,401",834,"6,157","1,958","3,688",817
60474,,,,64,12,598,54,97,8,139,14,229,22,133,10
60475,,,,"1,022",79,"6,638","1,018","1,093",257,"1,366",203,"2,855",519,"1,324",39
60476,,,,223,25,"1,904",351,373,107,301,67,762,112,468,65
60477,,,,"2,715",511,"26,879","8,080","5,863","2,290","4,317","1,724","9,970","2,768","6,729","1,298"
60478,,,,"1,369",160,"11,719","3,577","2,287",724,"1,849",304,"4,619","1,792","2,964",757
60479,,,,94,0,607,97,52,3,198,40,269,36,88,18
60480,,,,346,49,"3,954","1,476",608,318,508,263,"1,520",613,"1,318",282
60481,,,,879,49,"8,728","1,169","1,277",209,"1,258",214,"3,799",463,"2,394",283
60482,,,,"1,067",93,"7,555","1,205","1,365",413,"1,381",181,"3,189",458,"1,620",153
60484,,,,475,31,"4,137","1,132","1,175",278,729,307,"1,588",353,645,194
60487,,,,"1,912",557,"18,179","8,314","3,190","1,956","3,297","1,828","8,052","3,434","3,640","1,096"
60490,,,,"2,389",338,"13,909","7,392","2,724","1,396","3,290","2,136","6,537","3,344","1,358",516
60491,,,,"1,646",355,"16,113","6,043","2,405","1,194","2,562","1,169","6,894","2,637","4,252","1,043"
60501,,,,"1,005",92,"7,106",847,"1,627",301,"1,697",169,"2,572",268,"1,210",109
60502,,,,"1,439",239,"14,433","8,835","2,337","1,380","3,708","2,578","6,327","3,924","2,061",953
60503,,,,"1,126",233,"10,611","5,895","2,177","1,339","3,819","2,483","3,767","1,811",848,262
60504,,,,"4,156",648,"24,207","10,789","5,301","2,689","6,562","3,122","9,728","4,285","2,616",693
60505,,,,"7,801",328,"44,633","4,465","10,090","1,143","11,736",695,"15,630","1,584","7,177","1,043"
60506,,,,"5,875",143,"34,698","8,266","7,168","1,851","7,716","1,814","13,160","2,786","6,654","1,815"
60510,,,,"2,427",351,"19,929","10,005","3,217","1,327","3,697","2,238","8,785","4,756","4,230","1,684"
60511,,,,136,25,"1,259",361,268,89,161,37,481,121,349,114
60512,,,,0,0,868,365,252,136,92,47,211,54,313,128
60513,,,,"1,001",105,"12,853","5,704","2,023","1,129","3,150","1,695","5,215","2,182","2,465",698
60514,,,,431,73,"6,394","4,571",651,371,"1,490","1,258","2,977","2,286","1,276",656
60515,,,,"2,092",617,"19,589","11,210","3,087","2,223","3,250","2,419","7,957","4,728","5,295","1,840"
60516,,,,"1,930",813,"21,264","11,451","3,471","2,174","3,586","2,205","8,407","4,366","5,800","2,706"
60517,,,,"3,104",746,"22,575","11,180","4,762","2,581","4,534","2,285","9,322","4,652","3,957","1,662"
60518,,,,287,0,"2,536",376,380,87,395,58,"1,194",162,567,69
60519,,,,0,0,24,10,0,0,0,0,17,10,7,0
60520,,,,219,37,"1,923",515,378,109,334,97,801,217,410,92
60521,,,,925,243,"11,751","9,493","1,012",704,"2,217","1,958","5,822","5,044","2,700","1,787"
60523,,,,383,53,"8,094","4,986",510,413,906,707,"2,423","1,494","4,255","2,372"
60525,,,,"1,885",252,"21,199","10,852","2,716","1,562","3,605","2,022","9,018","4,886","5,860","2,382"
60526,,,,805,196,"9,135","5,288","1,273",751,"1,866","1,247","3,555","2,141","2,441","1,149"
60527,,,,"1,574",492,"21,408","11,976","2,629","1,669","3,674","2,478","9,001","4,882","6,104","2,947"
60530,,,,30,2,343,82,75,21,71,16,117,11,80,34
60531,,,,97,0,"1,340",255,219,36,254,78,557,108,310,33
60532,,,,"3,033",579,"19,776","11,685","4,501","2,930","3,747","2,523","7,182","4,124","4,346","2,108"
60534,,,,903,83,"6,909","1,200","1,828",328,"1,219",229,"2,516",447,"1,346",196
60536,,,,17,2,93,9,24,1,18,2,36,6,15,0
60537,,,,38,0,398,56,84,10,90,14,167,24,57,8
60538,,,,"2,674",174,"17,429","5,140","3,954","1,517","4,303","1,610","6,171","1,479","3,001",534
60539,,,,2,0,207,17,103,0,0,0,104,17,0,0
60540,,,,"4,573",888,"29,883","20,043","4,268","2,954","6,225","4,717","12,763","8,653","6,627","3,719"
60541,,,,249,13,"2,420",567,631,176,433,112,"1,014",196,342,83
60542,,,,"1,342",319,"12,876","5,024","2,363","1,061","2,376","1,057","5,656","2,282","2,481",624
60543,,,,"3,791",340,"25,360","11,423","4,055","2,171","6,068","3,081","10,932","4,624","4,305","1,547"
60544,,,,"2,328",297,"18,073","6,357","2,705","1,130","3,664","1,797","6,700","2,361","5,004","1,069"
60545,,,,"1,005",0,"9,034","2,117","2,218",397,"2,127",751,"3,248",754,"1,441",215
60546,,,,"1,118",134,"10,481","5,145","1,500",799,"1,915","1,121","4,618","2,314","2,448",911
60548,,,,"1,538",56,"7,877","1,365","1,324",304,"1,256",271,"3,201",417,"2,096",373
60549,,,,51,17,113,48,12,12,25,25,22,11,54,0
60550,,,,117,8,"1,180",233,139,42,168,8,524,82,349,101
60551,,,,604,26,"4,028",318,"1,121",63,791,53,"1,512",103,604,99
60552,,,,321,0,"3,061",722,425,76,618,165,"1,444",365,574,116
60553,,,,33,0,514,120,83,17,80,27,230,46,121,30
60554,,,,"1,255",262,"8,536","3,604",815,483,"1,547",709,"4,061","1,593","2,113",819
60555,,,,"1,403",321,"8,966","4,129","1,723",953,"1,791",794,"3,711","1,725","1,741",657
60556,,,,204,35,"1,332",349,179,61,365,82,538,142,250,64
60557,,,,32,0,248,31,31,0,31,31,121,0,65,0
60558,,,,541,185,"8,406","6,553",734,554,"1,609","1,457","3,956","3,307","2,107","1,235"
60559,,,,"1,883",323,"17,460","7,744","3,869","1,858","2,987","1,615","6,672","2,944","3,932","1,327"
60560,,,,"1,725",220,"16,384","5,367","3,345",884,"4,560","1,976","5,626","2,039","2,853",468
60561,,,,"1,688",333,"17,043","8,708","2,616","1,592","2,785","1,498","6,794","3,808","4,848","1,810"
60563,,,,"2,959",852,"26,394","15,971","6,211","4,283","5,377","3,868","9,553","5,771","5,253","2,049"
60564,,,,"3,288",888,"27,083","19,352","3,326","2,171","6,449","5,589","13,458","9,819","3,850","1,773"
60565,,,,"3,048",871,"26,909","18,708","3,392","2,521","5,520","4,294","12,776","9,001","5,221","2,892"
60585,,,,"1,467",385,"14,256","8,647","1,925","1,088","3,982","2,823","6,756","4,110","1,593",626
60586,,,,"4,992",498,"28,586","9,159","6,194","2,307","7,177","2,464","12,008","3,658","3,207",730
60601,,,,"2,176",976,"12,027","10,467","4,867","4,529","1,933","1,711","3,118","2,750","2,109","1,477"
60602,,,,89,67,907,861,403,378,377,377,121,106,6,0
60603,,,,329,75,707,673,267,267,51,51,269,235,120,120
60604,,,,198,73,589,541,268,242,44,44,205,186,72,69
60605,,,,"4,192",760,"22,457","17,019","9,027","7,912","4,166","3,226","6,341","4,242","2,923","1,639"
60606,,,,177,145,"2,991","2,784","1,259","1,242",492,454,862,765,378,323
60607,,,,"6,387","1,556","19,765","15,484","9,142","7,998","4,584","4,002","4,495","2,824","1,544",660
60608,,,,"10,343","1,396","54,904","15,845","18,495","8,122","11,277","3,941","17,193","3,083","7,939",699
60609,,,,"6,738",553,"38,428","5,582","9,992","2,268","7,960","1,462","13,103","1,372","7,373",480
60610,,,,"3,833","1,497","32,999","24,998","14,435","12,638","4,430","3,588","7,597","5,071","6,537","3,701"
60611,,,,"2,950","1,972","28,418","24,064","9,257","8,848","4,154","3,611","7,865","6,239","7,142","5,366"
60612,,,,"3,878",831,"22,020","7,799","6,852","3,921","4,932","2,036","6,911","1,549","3,325",293
60613,,,,"5,591","3,814","39,285","29,637","15,959","13,616","8,581","6,611","9,841","6,974","4,904","2,436"
60614,,,,"10,277","5,035","51,562","43,676","23,562","21,860","8,868","7,853","12,403","9,968","6,729","3,995"
60615,,,,"5,676","1,743","28,695","17,259","8,191","5,965","5,238","3,413","8,855","4,486","6,411","3,395"
60616,,,,"5,391","1,846","40,977","18,616","11,619","8,245","6,981","4,171","13,741","4,581","8,636","1,619"
60617,,,,"8,645",343,"52,745","9,143","10,295","1,665","9,603","2,127","20,269","3,417","12,578","1,934"
60618,,,,"6,948","1,313","67,297","32,506","20,978","12,853","17,100","9,388","20,520","8,097","8,699","2,168"
60619,,,,"4,933",575,"43,537","10,380","8,846","1,930","6,627","1,997","17,606","4,221","10,458","2,232"
60620,,,,"6,291",315,"46,061","7,597","8,332","1,241","7,809","1,770","17,945","3,283","11,975","1,303"
60621,,,,"2,605",95,"17,907","1,826","4,040",406,"2,799",368,"7,099",681,"3,969",371
60622,,,,"3,549","1,865","42,061","29,098","20,953","17,314","9,864","7,039","7,969","3,957","3,275",788
60623,,,,"8,870",552,"49,010","5,065","12,287","1,806","11,160","1,437","16,918","1,330","8,645",492
60624,,,,"3,600",128,"21,103","2,007","4,935",478,"4,456",655,"7,674",626,"4,038",248
60625,,,,"6,807","1,256","56,639","28,136","17,133","9,916","14,071","7,955","17,378","7,507","8,057","2,758"
60626,,,,"6,878","1,432","34,717","16,051","10,465","6,021","7,506","3,678","11,789","4,551","4,957","1,801"
60628,,,,"6,438",286,"43,334","8,417","8,365","1,323","7,309","1,703","16,614","3,432","11,046","1,959"
60629,,,,"12,042",542,"66,332","6,472","17,183","2,244","14,369","1,566","23,187","1,926","11,593",736
60630,,,,"3,924",394,"41,243","15,847","7,925","3,998","8,647","4,053","15,984","5,651","8,687","2,145"
60631,,,,"1,510",480,"22,155","9,445","3,912","1,957","4,089","2,568","8,581","3,421","5,573","1,499"
60632,,,,"9,338",670,"54,645","5,992","14,718","2,536","12,344","1,491","18,199","1,400","9,384",565
60633,,,,"1,196",144,"8,712","1,217","1,508",279,"1,767",300,"3,348",512,"2,089",126
60634,,,,"5,773",612,"53,038","13,991","10,463","3,899","10,418","3,285","20,712","4,837","11,445","1,970"
60636,,,,"2,778",105,"20,553","1,823","3,437",334,"3,294",280,"7,501",795,"6,321",414
60637,,,,"7,954",685,"28,232","9,486","7,331","2,630","5,201","1,697","10,112","3,247","5,588","1,912"
60638,,,,"4,271",561,"39,853","8,261","7,783","2,131","8,590","2,454","15,240","2,617","8,240","1,059"
60639,,,,"9,463",572,"55,705","7,081","12,891","2,326","13,224","1,719","20,892","2,290","8,698",746
60640,,,,"5,103","2,162","55,212","31,764","17,783","12,714","11,598","7,533","16,512","7,665","9,319","3,852"
60641,,,,"5,564",687,"48,896","14,838","11,645","4,722","10,589","3,824","18,541","4,792","8,121","1,500"
60642,,,,"1,175",629,"16,702","12,342","9,270","7,992","3,168","2,499","3,089","1,572","1,175",279
60643,,,,"3,725",488,"34,332","12,819","5,074","2,046","5,601","2,431","14,488","5,612","9,169","2,730"
60644,,,,"4,414",274,"30,073","3,534","6,685",755,"5,788",988,"11,130","1,395","6,470",396
60645,,,,"3,217",366,"31,252","13,863","7,252","3,581","6,424","2,764","11,231","4,505","6,345","3,013"
60646,,,,"1,517",226,"20,545","10,266","3,453","1,810","3,460","2,096","7,718","3,989","5,914","2,371"
60647,,,,"7,963","2,579","63,778","34,578","26,828","19,491","14,792","8,618","15,843","5,338","6,315","1,131"
60649,,,,"4,099",211,"32,135","8,170","6,903","1,479","6,786","2,345","11,723","2,696","6,723","1,650"
60651,,,,"6,431",475,"39,984","5,493","9,649","2,144","8,429","1,051","14,406","1,692","7,500",606
60652,,,,"4,507",309,"27,580","5,852","5,175",999,"5,835","1,259","11,509","2,963","5,061",631
60653,,,,"2,675",316,"21,317","7,350","5,077","2,059","4,197","1,811","7,804","2,606","4,239",874
60654,,,,"1,191",791,"17,368","15,209","8,387","8,056","3,523","3,231","4,128","2,971","1,330",951
60655,,,,"2,464",379,"19,080","8,633","3,218","1,981","3,984","2,472","8,230","3,326","3,648",854
60656,,,,"1,433",357,"21,544","8,440","5,099","2,911","4,104","2,190","7,373","2,323","4,968","1,016"
60657,,,,"8,777","6,107","53,230","44,157","25,367","22,875","10,206","8,638","11,955","9,134","5,702","3,510"
60659,,,,"3,700",554,"27,817","9,614","6,596","2,098","6,109","2,347","10,009","3,336","5,103","1,833"
60660,,,,"5,525","1,154","33,612","17,726","10,336","6,786","6,439","3,573","10,895","5,148","5,942","2,219"
60661,,,,881,554,"8,556","7,729","4,673","4,452","2,310","2,124","1,241",961,332,192
60706,,,,"1,689",279,"17,463","4,732","2,620","1,222","2,940","1,073","6,785","1,750","5,118",687
60707,,,,"4,033",388,"30,078","8,087","5,457","2,082","5,840","1,726","11,802","3,142","6,979","1,137"
60712,,,,735,160,"9,023","4,838","1,175",764,"1,433",778,"3,277","1,721","3,138","1,575"
60714,,,,"2,145",284,"22,605","8,107","3,665","1,813","3,155","1,613","8,371","2,858","7,414","1,823"
60803,,,,"1,791",176,"15,156","3,393","3,073",902,"3,314","1,085","5,542","1,024","3,227",382
60804,,,,"10,461",537,"48,237","4,366","12,044","1,643","11,908",887,"17,732","1,296","6,553",540
60805,,,,"1,674",163,"13,143","4,485","2,429",854,"2,353",929,"5,687","2,045","2,674",657
60827,,,,"2,936",37,"17,318","2,330","4,060",576,"3,481",571,"6,918",790,"2,859",393
60901,,,,"3,158",120,"23,547","3,701","4,730",757,"4,633",619,"8,730","1,398","5,454",927
60910,,,,49,3,418,28,102,7,41,5,174,7,101,9
60911,,,,89,2,897,156,125,44,171,17,368,70,233,25
60912,,,,26,0,377,34,63,3,52,0,131,16,131,15
60913,,,,110,15,"1,144",194,103,11,124,23,511,82,406,78
60914,,,,"5,099",361,"18,321","6,148","3,648","1,666","3,195","1,240","7,471","2,323","4,007",919
60915,,,,"1,100",129,"6,727",855,"1,559",400,"1,031",110,"2,412",244,"1,725",101
60917,,,,30,0,369,79,60,26,91,53,146,0,72,0
60918,,,,31,0,581,79,73,11,93,17,251,23,164,28
60919,,,,30,4,362,124,60,31,42,7,145,60,115,26
60920,,,,2,0,133,15,16,2,31,2,49,8,37,3
60921,,,,157,4,995,101,187,29,106,19,409,26,293,27
60922,,,,242,9,"1,600",269,442,115,273,60,620,71,265,23
60924,,,,83,3,"1,098",285,144,36,164,53,373,101,417,95
60926,,,,0,0,42,10,11,0,4,2,12,5,15,3
60927,,,,116,10,"1,498",289,170,52,239,55,583,113,506,69
60928,,,,63,3,501,106,98,26,49,15,181,45,173,20
60929,,,,67,14,474,60,119,14,51,13,180,19,124,14
60930,,,,45,0,676,116,103,4,163,48,156,36,254,28
60931,,,,36,2,384,51,79,11,49,14,170,15,86,11
60932,,,,0,0,48,0,8,0,0,0,40,0,0,0
60933,,,,28,0,196,18,32,3,25,0,62,11,77,4
60934,,,,22,0,170,20,25,4,37,0,46,12,62,4
60935,,,,90,0,795,82,131,14,212,25,295,41,157,2
60936,,,,250,31,"2,938",809,437,113,542,163,"1,161",331,798,202
60938,,,,173,10,"1,365",198,226,40,240,41,451,50,448,67
60940,,,,221,9,"2,352",433,299,57,404,101,"1,081",228,568,47
60941,,,,190,23,"1,411",363,141,68,391,69,439,119,440,107
60942,,,,406,15,"4,128",589,679,94,512,43,"1,664",349,"1,273",103
60945,,,,9,0,127,16,12,1,19,6,48,4,48,5
60946,,,,28,0,276,24,39,4,74,0,102,7,61,13
60948,,,,183,29,"1,042",365,102,3,111,52,477,179,352,131
60949,,,,84,0,324,43,49,9,75,8,136,8,64,18
60950,,,,952,93,"8,091","1,772","1,154",420,"1,237",438,"3,223",649,"2,477",265
60951,,,,42,2,577,41,143,6,40,4,290,25,104,6
60952,,,,43,0,422,99,75,16,73,16,184,41,90,26
60953,,,,166,7,"1,653",244,160,24,272,54,751,108,470,58
60954,,,,452,9,"3,927",378,684,142,645,46,"1,607",83,991,107
60955,,,,136,28,"1,112",148,178,23,183,34,439,35,312,56
60957,,,,391,14,"3,625",803,623,191,575,159,"1,464",388,963,65
60958,,,,106,0,"1,226",195,226,22,170,74,438,68,392,31
60959,,,,93,0,810,48,119,14,70,5,431,24,190,5
60960,,,,112,13,670,74,59,10,163,11,259,24,189,29
60961,,,,45,1,513,89,47,25,141,39,170,5,155,20
60962,,,,66,0,325,48,50,7,70,6,146,18,59,17
60963,,,,163,4,"1,112",177,190,28,196,27,412,83,314,39
60964,,,,465,48,"3,317",717,453,154,606,174,"1,300",229,958,160
60966,,,,98,0,"1,137",119,153,23,193,5,535,63,256,28
60968,,,,24,9,294,99,29,2,55,14,129,63,81,20
60969,,,,9,2,38,1,14,0,13,1,5,0,6,0
60970,,,,582,69,"5,023",548,634,62,762,82,"2,065",246,"1,562",158
60973,,,,23,0,211,26,40,1,38,5,48,1,85,19
60974,,,,6,0,168,4,18,0,26,0,69,4,55,0
61001,,,,127,2,784,175,59,5,74,19,383,67,268,84
61006,,,,84,5,"1,325",171,265,33,167,32,522,77,371,29
61007,,,,28,0,349,72,42,15,65,22,119,26,123,9
61008,,,,"3,083",157,"22,410","4,573","3,803",727,"4,133",943,"8,788","2,092","5,686",811
61010,,,,599,33,"5,180","1,621",838,289,"1,103",422,"2,230",732,"1,009",178
61011,,,,159,56,"1,969",869,210,144,252,106,915,452,592,167
61012,,,,269,12,"1,561",182,306,41,357,57,648,70,250,14
61013,,,,39,0,323,46,55,9,32,6,149,23,87,8
61014,,,,70,0,733,139,141,37,65,19,294,59,233,24
61015,,,,101,0,622,159,95,44,216,44,213,60,98,11
61016,,,,242,42,"3,553",897,435,75,437,169,"1,618",501,"1,063",152
61018,,,,113,4,664,88,96,9,99,17,296,36,173,26
61019,,,,201,29,"2,418",683,326,96,269,59,"1,018",306,805,222
61020,,,,286,29,"1,770",364,439,124,467,107,599,85,265,48
61021,,,,"1,797",82,"16,740","3,317","3,001",639,"3,004",681,"6,612","1,411","4,123",586
61024,,,,196,3,"1,753",331,236,116,240,48,741,121,536,46
61025,,,,444,33,"3,247",649,506,158,484,143,"1,274",233,983,115
61027,,,,0,0,57,0,57,0,0,0,0,0,0,0
61028,,,,115,31,"1,552",419,196,80,208,72,613,132,535,135
61030,,,,68,0,"1,527",166,282,37,282,31,557,65,406,33
61031,,,,154,17,"1,070",174,120,15,210,71,374,45,366,43
61032,,,,"2,420",128,"20,879","3,994","3,129",424,"3,068",717,"8,055","1,647","6,627","1,206"
61036,,,,238,23,"5,166","1,899",368,118,783,167,"1,833",633,"2,182",981
61037,,,,0,0,64,17,0,0,0,0,19,0,45,17
61038,,,,238,78,884,154,65,14,75,0,436,113,308,27
61039,,,,89,6,575,107,130,43,119,26,185,13,141,25
61041,,,,71,0,836,129,162,8,97,35,246,25,331,61
61042,,,,38,15,479,50,123,20,44,13,189,11,123,6
61043,,,,23,0,73,8,17,6,12,0,20,0,24,2
61044,,,,0,0,181,36,27,23,51,10,79,3,24,0
61046,,,,138,0,"1,711",387,153,45,231,64,669,159,658,119
61047,,,,100,0,"1,188",217,147,30,151,26,562,129,328,32
61048,,,,162,0,"2,902",636,299,103,413,108,"1,084",237,"1,106",188
61049,,,,39,9,342,78,61,15,45,18,147,38,89,7
61050,,,,30,0,324,60,28,10,39,10,143,24,114,16
61051,,,,170,44,"1,062",177,110,41,199,23,470,79,283,34
61052,,,,40,4,684,131,71,14,83,11,301,89,229,17
61053,,,,190,35,"2,018",565,262,97,257,89,780,162,719,217
61054,,,,269,0,"2,688",688,487,103,294,50,"1,046",296,861,239
61057,,,,6,0,68,20,8,0,10,10,28,0,22,10
61059,,,,17,0,125,28,36,12,17,0,53,16,19,0
61060,,,,113,0,"1,012",206,156,47,165,38,453,94,238,27
61061,,,,367,18,"4,999",988,525,142,678,150,"2,081",362,"1,715",334
61062,,,,92,13,"1,329",300,140,52,199,45,689,168,301,35
61063,,,,406,7,"2,978",664,475,145,704,166,881,233,918,120
61064,,,,274,23,"2,796",490,431,83,443,101,"1,130",163,792,143
61065,,,,"1,044",62,"6,676","1,730","1,205",368,"1,563",631,"2,635",507,"1,273",224
61067,,,,41,0,603,72,35,2,74,25,303,27,191,18
61068,,,,"1,457",107,"9,509","1,677","1,766",404,"1,802",330,"3,721",588,"2,220",355
61070,,,,102,3,873,131,108,18,160,30,393,56,212,27
61071,,,,"1,151",51,"9,558","1,233","1,559",175,"1,487",305,"3,823",432,"2,689",321
61072,,,,792,50,"7,954","2,307",979,244,"1,612",499,"3,317","1,113","2,046",451
61073,,,,"1,271",217,"13,057","4,587","1,996",892,"2,436",989,"5,760","1,946","2,865",760
61074,,,,197,0,"3,296",553,423,42,516,123,"1,243",195,"1,114",193
61075,,,,67,11,718,144,96,16,69,18,274,50,279,60
61077,,,,0,0,33,0,0,0,0,0,33,0,0,0
61078,,,,145,10,861,145,104,13,130,38,362,66,265,28
61079,,,,7,0,130,22,15,3,37,0,54,19,24,0
61080,,,,735,41,"6,975","1,257","1,485",253,"1,329",426,"2,863",398,"1,298",180
61081,,,,"1,717",97,"14,668","2,835","2,289",520,"2,711",504,"5,477","1,174","4,191",637
61084,,,,142,0,"2,195",623,265,120,327,123,"1,027",255,576,125
61085,,,,171,13,"2,386",395,337,71,340,46,872,152,837,126
61087,,,,81,0,"1,139",134,149,42,141,38,480,27,369,27
61088,,,,555,35,"4,191","1,237",431,172,700,245,"2,143",599,917,221
61089,,,,13,1,571,136,146,53,91,39,212,19,122,25
61091,,,,28,0,39,0,23,0,0,0,16,0,0,0
61101,,,,"1,593",24,"12,316","1,249","2,785",256,"2,173",234,"4,855",460,"2,503",299
61102,,,,"1,734",84,"11,114","1,027","2,560",105,"2,316",203,"4,048",404,"2,190",315
61103,,,,"1,790",131,"16,577","3,781","2,541",532,"2,728",698,"6,451","1,248","4,857","1,303"
61104,,,,"2,029",50,"11,734","1,011","3,048",210,"2,221",128,"4,675",455,"1,790",218
61107,,,,"1,765",164,"22,101","8,124","4,194","1,410","3,488","1,532","7,565","2,763","6,854","2,419"
61108,,,,"2,713",238,"19,249","4,370","2,951",743,"3,430",790,"7,315","1,801","5,553","1,036"
61109,,,,"2,780",111,"17,859","2,624","4,007",914,"2,821",371,"7,101",823,"3,930",516
61111,,,,"1,966",245,"15,869","3,963","3,309",985,"2,791",818,"6,224","1,752","3,545",408
61112,,,,0,0,62,7,0,0,0,0,0,0,62,7
61114,,,,"1,255",321,"11,684","5,027","1,550",820,"1,612",682,"4,355","1,851","4,167","1,674"
61115,,,,"2,052",163,"15,474","2,327","2,641",633,"2,822",385,"6,687",934,"3,324",375
61201,,,,"5,537",231,"24,224","5,423","4,755","1,172","4,153",817,"9,141","2,186","6,175","1,248"
61230,,,,42,4,804,138,195,38,69,11,216,33,324,56
61231,,,,350,12,"3,738",774,510,112,518,177,"1,396",274,"1,314",211
61232,,,,59,0,"1,035",201,200,56,106,18,513,77,216,50
61234,,,,75,6,902,254,128,51,166,65,366,108,242,30
61235,,,,142,20,962,136,120,10,191,57,339,36,312,33
61236,,,,16,0,67,5,29,2,0,0,19,0,19,3
61238,,,,277,15,"2,366",427,315,63,471,137,889,139,691,88
61239,,,,113,4,703,89,238,40,98,22,230,5,137,22
61240,,,,324,10,"4,373","1,364",450,136,776,381,"1,794",544,"1,353",303
61241,,,,622,40,"4,985","1,118",825,282,908,208,"2,211",493,"1,041",135
61242,,,,35,0,"1,021",166,160,29,155,22,413,73,293,42
61243,,,,14,5,202,24,7,0,6,0,123,18,66,6
61244,,,,"1,931",399,"16,205","3,220","2,995",590,"3,069",625,"5,729","1,131","4,412",874
61250,,,,152,21,"1,739",381,212,63,347,139,708,124,472,55
61251,,,,0,0,306,23,11,11,106,12,118,0,71,0
61252,,,,323,21,"3,838",892,556,206,564,168,"1,639",274,"1,079",244
61254,,,,664,113,"7,685","2,569","1,056",479,"1,249",398,"2,792","1,030","2,588",662
61256,,,,125,16,"1,421",418,278,118,245,39,512,160,386,101
61257,,,,40,0,678,115,128,17,124,29,222,33,204,36
61258,,,,4,0,119,5,7,1,43,3,38,1,31,0
61259,,,,37,0,830,219,74,54,175,82,365,62,216,21
61260,,,,97,9,667,32,156,10,80,1,266,5,165,16
61261,,,,105,0,576,72,116,24,81,13,225,32,154,3
61262,,,,37,0,804,142,104,23,123,9,343,90,234,20
61263,,,,53,0,421,22,87,5,106,11,149,0,79,6
61264,,,,441,101,"7,947","1,517","1,198",328,"1,303",225,"3,351",720,"2,095",244
61265,,,,"3,303",292,"30,442","8,491","5,671","1,741","5,212","1,526","10,811","2,742","8,748","2,482"
61270,,,,441,50,"5,078","1,127",830,307,692,172,"1,926",349,"1,630",299
61272,,,,64,0,865,98,104,14,151,22,351,19,259,43
61273,,,,234,18,"2,223",581,284,63,478,163,860,216,601,139
61274,,,,35,0,208,21,9,0,40,21,134,0,25,0
61275,,,,269,43,"3,247","1,001",382,101,501,209,"1,382",505,982,186
61276,,,,0,0,45,17,0,0,16,7,19,10,10,0
61277,,,,228,40,"2,343",587,251,125,284,86,"1,047",210,761,166
61278,,,,24,11,332,109,28,11,73,14,112,37,119,47
61279,,,,58,15,679,128,86,36,158,41,268,31,167,20
61281,,,,191,21,"1,810",426,209,28,258,64,854,265,489,69
61282,,,,442,78,"5,301",872,967,178,"1,107",241,"1,952",253,"1,275",200
61283,,,,137,0,"1,120",132,282,63,202,21,437,37,199,11
61284,,,,32,0,"1,532",283,225,44,162,71,657,103,488,65
61285,,,,88,7,"1,286",161,275,31,113,4,458,69,440,57
61301,,,,883,41,"6,665","1,253","1,348",397,"1,094",159,"2,510",451,"1,713",246
61310,,,,269,7,"2,771",434,306,44,415,105,"1,225",228,825,57
61311,,,,0,0,186,39,11,0,31,0,37,10,107,29
61312,,,,22,0,370,66,46,7,70,7,171,44,83,8
61313,,,,47,18,146,26,23,10,18,10,64,6,41,0
61314,,,,73,0,669,94,95,12,113,5,289,15,172,62
61315,,,,27,0,152,5,30,0,29,0,64,4,29,1
61316,,,,21,4,176,13,31,3,29,3,54,4,62,3
61317,,,,40,5,280,37,41,7,46,0,120,30,73,0
61318,,,,44,0,506,63,56,7,159,10,146,27,145,19
61319,,,,159,22,"1,016",221,144,13,156,38,448,101,268,69
61320,,,,62,14,535,98,90,14,47,14,227,45,171,25
61321,,,,23,0,220,41,31,5,23,12,117,16,49,8
61322,,,,93,3,"1,046",118,173,24,281,10,335,46,257,38
61323,,,,4,0,52,13,4,0,1,0,36,12,11,1
61324,,,,11,0,117,14,0,0,6,0,63,0,48,14
61325,,,,72,1,762,156,110,28,138,64,303,27,211,37
61326,,,,161,8,"1,769",231,306,61,286,54,753,65,424,51
61327,,,,68,3,851,125,79,14,144,20,318,54,310,37
61328,,,,0,0,9,0,0,0,9,0,0,0,0,0
61329,,,,76,4,937,150,144,48,199,21,392,55,202,26
61330,,,,84,12,"1,044",173,106,17,137,44,500,67,301,45
61331,,,,0,0,18,0,0,0,0,0,0,0,18,0
61332,,,,14,0,85,3,17,0,6,0,41,3,21,0
61333,,,,19,2,255,42,28,5,71,0,103,13,53,24
61334,,,,51,4,480,71,98,18,79,14,186,20,117,19
61335,,,,29,4,267,47,22,14,65,9,116,12,64,12
61336,,,,50,4,354,85,41,10,34,0,180,28,99,47
61337,,,,47,0,307,28,68,2,45,6,137,17,57,3
61338,,,,18,2,157,14,26,5,23,2,49,5,59,2
61340,,,,20,8,206,25,47,5,27,4,79,13,53,3
61341,,,,434,36,"5,739",962,794,111,"1,111",227,"2,357",405,"1,477",219
61342,,,,818,50,"5,741",932,"1,044",205,974,95,"2,148",351,"1,575",281
61344,,,,39,2,257,45,38,12,30,8,129,25,60,0
61345,,,,27,0,565,102,110,26,81,21,226,20,148,35
61346,,,,7,0,51,1,7,0,8,1,10,0,26,0
61348,,,,287,29,"3,246",571,627,122,485,181,"1,213",205,921,63
61349,,,,83,0,715,125,119,24,74,17,312,44,210,40
61350,,,,"1,894",127,"16,888","3,432","3,330",858,"2,626",580,"6,453","1,316","4,479",678
61353,,,,86,3,851,111,156,43,134,11,350,32,211,25
61354,,,,699,118,"7,632","1,743","1,227",207,988,291,"2,892",743,"2,525",502
61356,,,,728,85,"7,709","2,139","1,092",370,962,281,"2,895",832,"2,760",656
61358,,,,14,0,203,15,17,1,37,4,95,4,54,6
61359,,,,15,0,220,17,37,2,42,5,69,4,72,6
61360,,,,319,27,"1,985",325,400,71,250,48,920,151,415,55
61361,,,,43,3,892,201,141,38,185,64,290,76,276,23
61362,,,,506,40,"3,868",728,641,123,591,127,"1,454",268,"1,182",210
61363,,,,6,0,210,19,25,3,28,0,88,15,69,1
61364,,,,"1,538",35,"13,551","1,925","1,842",253,"2,332",495,"5,443",649,"3,934",528
61367,,,,35,2,583,84,116,29,70,7,246,39,151,9
61368,,,,117,3,979,204,98,16,155,63,416,105,310,20
61369,,,,174,9,"1,159",175,196,80,88,9,469,51,406,35
61370,,,,108,3,995,175,92,14,229,46,441,67,233,48
61372,,,,6,0,105,11,29,0,9,1,55,9,12,1
61373,,,,92,8,"1,584",354,118,45,273,98,763,143,430,68
61374,,,,3,0,68,26,17,14,6,0,17,6,28,6
61375,,,,42,0,957,226,64,15,159,39,402,101,332,71
61376,,,,162,12,"1,447",302,195,33,194,41,616,151,442,77
61377,,,,137,8,958,173,145,30,107,28,453,70,253,45
61378,,,,15,0,266,70,47,40,27,15,100,10,92,5
61379,,,,113,0,858,92,84,11,226,4,330,51,218,26
61401,,,,"4,074",129,"22,799","4,241","3,525",713,"3,842",808,"8,634","1,760","6,798",960
61410,,,,307,85,"2,737",326,561,54,466,74,986,79,724,119
61411,,,,11,11,328,71,41,29,40,15,144,21,103,6
61412,,,,82,3,"1,005",213,125,34,201,60,445,91,234,28
61413,,,,44,0,692,204,143,57,108,38,226,57,215,52
61414,,,,52,27,665,131,139,63,91,15,256,37,179,16
61415,,,,168,13,"1,332",245,208,44,227,29,513,103,384,69
61416,,,,34,0,171,12,21,0,42,1,86,6,22,5
61417,,,,58,18,202,8,15,0,48,0,65,0,74,8
61418,,,,37,11,457,96,45,3,62,3,177,32,173,58
61419,,,,4,0,105,23,17,0,13,6,36,9,39,8
61420,,,,101,11,874,115,185,31,58,7,362,37,269,40
61421,,,,115,0,941,136,94,7,155,10,426,98,266,21
61422,,,,346,0,"2,140",341,418,76,298,56,898,156,526,53
61423,,,,116,0,431,121,83,23,45,25,126,45,177,28
61424,,,,33,0,54,0,13,0,32,0,6,0,3,0
61425,,,,8,2,409,73,19,13,27,0,217,15,146,45
61426,,,,34,0,91,0,0,0,51,0,30,0,10,0
61427,,,,225,22,"1,528",374,156,29,200,37,641,178,531,130
61428,,,,83,9,771,216,67,23,114,49,287,81,303,63
61430,,,,44,0,506,111,89,21,64,10,209,49,144,31
61431,,,,18,8,206,34,21,12,23,0,76,20,86,2
61432,,,,42,2,473,99,56,29,77,15,196,31,144,24
61433,,,,40,40,88,34,10,0,0,0,44,0,34,34
61434,,,,117,0,"2,188",553,313,120,320,128,910,178,645,127
61435,,,,0,0,23,14,0,0,0,0,9,0,14,14
61436,,,,63,6,518,142,23,17,124,34,217,66,154,25
61437,,,,45,0,553,127,60,21,93,55,192,11,208,40
61438,,,,84,2,533,179,86,32,101,34,240,97,106,16
61439,,,,24,0,162,19,9,1,26,5,80,7,47,6
61440,,,,57,2,507,112,90,13,74,26,188,49,155,24
61441,,,,78,3,702,86,99,16,79,28,309,20,215,22
61442,,,,48,0,521,57,96,33,68,12,157,6,200,6
61443,,,,"1,153",88,"9,414","1,481","1,691",311,"1,449",210,"3,506",539,"2,768",421
61447,,,,91,0,696,181,72,23,124,38,340,111,160,9
61448,,,,188,9,"2,591",579,395,104,470,144,878,200,848,131
61449,,,,11,0,238,41,39,10,20,9,81,0,98,22
61450,,,,126,6,"1,242",215,206,55,188,46,423,74,425,40
61451,,,,28,11,215,40,41,8,32,8,116,24,26,0
61452,,,,15,0,166,18,33,2,17,7,67,5,49,4
61453,,,,46,8,385,61,64,11,95,38,158,4,68,8
61454,,,,43,2,351,68,62,10,11,3,128,25,150,30
61455,,,,"6,179",593,"11,022","4,494","2,337",879,"1,699","1,024","3,725","1,505","3,261","1,086"
61458,,,,25,6,544,100,33,13,54,9,202,34,255,44
61459,,,,22,8,303,63,19,9,48,23,153,20,83,11
61460,,,,2,0,224,60,9,2,32,16,105,32,78,10
61462,,,,"1,714",97,"7,158","1,646","1,104",423,"1,423",245,"2,687",607,"1,944",371
61465,,,,59,0,853,122,127,27,119,30,382,47,225,18
61466,,,,3,3,244,49,63,9,22,0,71,15,88,25
61467,,,,60,0,708,232,138,68,159,34,291,104,120,26
61468,,,,22,0,123,25,54,13,0,0,35,6,34,6
61469,,,,189,36,"1,659",169,195,21,214,0,755,100,495,48
61470,,,,37,0,335,54,26,7,72,26,113,14,124,7
61471,,,,1,0,70,9,16,0,11,5,22,0,21,4
61472,,,,35,0,472,126,28,11,74,12,199,56,171,47
61473,,,,70,0,"1,082",309,255,96,96,19,360,98,371,96
61474,,,,39,8,167,24,30,9,10,0,88,6,39,9
61475,,,,15,0,202,57,30,4,35,22,59,18,78,13
61476,,,,36,15,313,35,22,0,38,2,187,31,66,2
61477,,,,7,0,382,67,47,0,45,33,181,32,109,2
61478,,,,31,0,186,50,8,8,69,22,52,14,57,6
61479,,,,11,0,37,12,12,0,0,0,9,9,16,3
61480,,,,112,27,806,139,118,18,93,25,309,52,286,44
61482,,,,53,0,414,32,71,4,91,8,184,13,68,7
61483,,,,98,8,"1,456",270,216,11,182,69,514,76,544,114
61484,,,,65,0,607,68,97,17,87,5,242,40,181,6
61485,,,,24,0,343,41,45,8,41,1,165,19,92,13
61486,,,,109,27,"1,000",205,180,37,216,67,358,92,246,9
61488,,,,116,2,771,155,96,31,90,19,327,59,258,46
61489,,,,60,3,562,90,92,33,82,21,228,24,160,12
61490,,,,87,8,776,117,117,24,148,32,283,42,228,19
61491,,,,137,4,"1,449",276,197,67,209,52,607,126,436,31
61501,,,,110,0,"1,059",114,153,25,179,21,396,18,331,50
61516,,,,72,12,516,106,127,42,104,13,156,31,129,20
61517,,,,175,6,"2,302",724,236,85,432,181,963,268,671,190
61519,,,,29,0,159,16,9,2,30,2,85,11,35,1
61520,,,,"1,293",68,"12,383","2,177","2,457",463,"2,297",454,"4,229",671,"3,400",589
61523,,,,510,44,"7,791","1,823","1,398",396,"1,281",415,"3,031",647,"2,081",365
61524,,,,25,0,211,20,68,5,29,4,72,11,42,0
61525,,,,320,99,"5,581","3,702",997,681,"1,510","1,223","2,114","1,494",960,304
61526,,,,45,0,551,175,52,28,56,24,229,83,214,40
61528,,,,205,72,"1,977",978,266,39,458,374,863,448,390,117
61529,,,,211,8,"1,870",570,256,71,324,140,850,242,440,117
61530,,,,"1,012",181,"4,377","1,652",959,389,702,393,"1,546",611,"1,170",259
61531,,,,225,9,"2,218",481,334,95,420,136,885,141,579,109
61532,,,,19,12,396,106,97,45,74,26,98,4,127,31
61533,,,,179,3,"1,657",313,288,74,359,107,634,74,376,58
61534,,,,78,9,"1,231",274,132,24,311,113,443,57,345,80
61535,,,,129,0,"1,415",329,170,15,346,58,614,199,285,57
61536,,,,176,23,"2,098",449,367,121,229,113,809,182,693,33
61537,,,,189,5,"1,940",457,299,115,335,109,671,125,635,108
61539,,,,22,2,115,10,19,2,21,0,50,2,25,6
61540,,,,219,8,"1,949",314,276,46,254,71,811,119,608,78
61541,,,,2,2,61,0,2,0,6,0,25,0,28,0
61542,,,,233,20,"2,682",533,318,68,474,158,"1,157",224,733,83
61543,,,,4,2,114,6,9,4,21,0,46,2,38,0
61544,,,,29,0,506,83,91,31,118,23,175,21,122,8
61545,,,,19,0,490,89,133,43,84,28,150,14,123,4
61546,,,,182,7,"2,668",369,408,81,349,50,"1,162",178,749,60
61547,,,,270,31,"2,746",802,300,164,610,243,"1,250",288,586,107
61548,,,,830,57,"8,074","3,700",833,486,"1,805","1,079","3,551","1,500","1,885",635
61550,,,,972,103,"12,624","5,247","1,929","1,077","2,206","1,127","4,728","1,990","3,761","1,053"
61552,,,,0,0,135,32,23,12,13,13,64,7,35,0
61553,,,,3,0,125,14,28,3,23,5,38,3,36,3
61554,,,,"2,946",173,"29,488","5,447","5,529","1,028","5,402","1,109","10,792","1,972","7,765","1,338"
61559,,,,187,27,"2,188",552,260,68,380,87,925,238,623,159
61560,,,,39,11,536,169,81,24,7,0,169,52,279,93
61561,,,,194,43,"1,787",335,292,81,243,98,665,104,587,52
61562,,,,9,0,36,8,8,0,0,0,17,8,11,0
61563,,,,31,2,374,35,69,7,69,17,131,5,105,6
61564,,,,122,0,666,13,90,3,127,0,312,3,137,7
61565,,,,62,8,"1,098",174,124,22,194,30,480,86,300,36
61567,,,,57,0,367,31,15,2,90,0,133,18,129,11
61568,,,,321,47,"2,714",754,379,170,480,167,"1,109",245,746,172
61569,,,,9,0,879,207,94,46,167,69,280,52,338,40
61570,,,,128,11,"1,351",198,280,11,190,53,570,105,311,29
61571,,,,"1,462",199,"16,799","6,065","2,917","1,013","3,759","1,920","5,976","1,983","4,147","1,149"
61572,,,,147,0,942,113,161,7,176,19,366,53,239,34
61602,,,,75,20,747,275,231,143,106,7,262,33,148,92
61603,,,,"1,679",107,"10,176","1,560","2,408",260,"2,245",391,"3,899",640,"1,624",269
61604,,,,"2,479",185,"20,839","4,374","4,420","1,119","3,641","1,236","7,688","1,262","5,090",757
61605,,,,"1,595",0,"9,292",386,"2,044",104,"1,757",58,"3,375",171,"2,116",53
61606,,,,"3,807",400,"2,855","1,260",811,414,519,167,993,468,532,211
61607,,,,798,73,"7,709","1,343","1,290",230,"1,284",305,"3,145",562,"1,990",246
61610,,,,717,25,"3,556",231,855,41,652,41,"1,444",117,605,32
61611,,,,"2,059",174,"17,884","4,495","3,373",943,"2,547",899,"6,909","1,580","5,055","1,073"
61614,,,,"1,693",233,"20,688","9,223","4,353","2,700","3,352","1,577","6,683","2,637","6,300","2,309"
61615,,,,"1,228",328,"16,331","7,743","4,009","2,275","2,516","1,643","5,828","2,433","3,978","1,392"
61616,,,,362,9,"4,322","1,106","1,087",424,787,186,"1,596",328,852,168
61625,,,,370,0,8,0,8,0,0,0,0,0,0,0
61701,,,,"5,548",764,"23,021","7,617","5,699","2,421","4,218","1,299","8,117","2,504","4,987","1,393"
61704,,,,"3,172",612,"24,621","14,709","5,737","3,450","4,807","3,193","9,541","5,736","4,536","2,330"
61705,,,,801,48,"8,256","4,901","1,204",683,"2,233","1,503","3,264","2,034","1,555",681
61720,,,,9,0,128,19,39,3,19,1,39,5,31,10
61721,,,,34,1,393,83,51,7,52,1,208,54,82,21
61722,,,,50,4,326,52,46,2,84,25,140,16,56,9
61723,,,,252,8,"1,786",377,229,49,322,95,763,97,472,136
61724,,,,49,0,399,93,45,9,50,12,179,46,125,26
61725,,,,154,29,"1,056",383,152,37,195,44,498,250,211,52
61726,,,,190,0,"1,731",436,253,61,339,102,657,158,482,115
61727,,,,777,36,"6,750","1,490","1,131",328,"1,152",337,"2,712",602,"1,755",223
61728,,,,113,0,920,263,134,40,219,79,344,105,223,39
61729,,,,85,8,697,154,109,30,138,38,231,77,219,9
61730,,,,2,1,282,53,51,2,57,6,122,40,52,5
61731,,,,18,0,107,6,14,0,29,6,39,0,25,0
61732,,,,118,21,"1,369",387,247,97,218,91,567,142,337,57
61733,,,,56,15,551,154,137,41,78,18,219,85,117,10
61734,,,,283,30,"1,927",366,260,72,313,24,812,174,542,96
61735,,,,0,0,287,94,37,13,97,57,98,22,55,2
61736,,,,127,24,"1,245",449,220,60,282,158,429,170,314,61
61737,,,,82,6,325,77,42,2,52,18,160,41,71,16
61738,,,,338,43,"2,939",753,452,87,622,252,"1,222",259,643,155
61739,,,,454,30,"3,037",387,479,21,506,16,"1,058",158,994,192
61740,,,,142,5,"1,072",225,128,54,132,37,448,66,364,68
61741,,,,115,0,"1,010",128,188,35,216,33,366,34,240,26
61742,,,,153,7,847,305,112,34,112,73,382,116,241,82
61743,,,,6,0,144,44,33,13,28,8,39,8,44,15
61744,,,,147,3,"1,209",331,268,100,186,67,444,117,311,47
61745,,,,434,0,"2,962","1,090",445,127,654,276,"1,319",495,544,192
61747,,,,58,3,"1,073",268,170,89,168,78,384,53,351,48
61748,,,,252,61,"1,727",812,226,111,345,161,754,378,402,162
61749,,,,51,0,434,73,52,1,93,23,165,23,124,26
61750,,,,0,0,81,20,42,13,25,7,11,0,3,0
61751,,,,8,0,63,0,3,0,8,0,47,0,5,0
61752,,,,227,6,"3,077",813,389,136,576,272,"1,224",279,888,126
61753,,,,282,30,"2,036",779,203,71,450,252,763,274,620,182
61754,,,,120,7,751,108,69,18,90,17,394,62,198,11
61755,,,,311,17,"3,290","1,108",375,209,735,313,"1,552",395,628,191
61756,,,,222,25,"1,550",391,195,46,317,113,693,162,345,70
61759,,,,154,3,"1,105",296,154,46,157,57,467,133,327,60
61760,,,,171,15,"1,567",282,242,54,244,36,647,116,434,76
61761,,,,"18,322","1,156","27,370","13,230","6,577","3,288","5,464","3,067","9,745","4,763","5,584","2,112"
61764,,,,827,31,"9,996","1,314","2,054",321,"1,811",277,"3,868",462,"2,263",254
61769,,,,49,0,433,43,56,9,53,10,243,16,81,8
61770,,,,49,0,752,172,130,86,107,43,342,23,173,20
61771,,,,10,0,603,258,122,58,87,51,307,121,87,28
61772,,,,40,0,189,6,9,0,30,0,85,6,65,0
61773,,,,57,4,287,20,54,4,28,0,109,9,96,7
61774,,,,80,6,675,161,196,57,107,13,320,88,52,3
61775,,,,53,4,217,22,23,0,35,7,122,11,37,4
61776,,,,39,0,958,313,111,25,105,64,494,157,248,67
61777,,,,47,0,608,101,89,29,101,17,258,33,160,22
61778,,,,62,0,419,40,96,11,45,6,122,23,156,0
61801,,,,"14,290","2,964","13,910","9,008","5,675","4,408","2,213","1,202","3,784","2,105","2,238","1,293"
61802,,,,"2,037",699,"13,725","5,257","3,136","1,539","2,332",932,"4,696","1,647","3,561","1,139"
61810,,,,13,0,212,34,39,16,43,7,83,11,47,0
61811,,,,50,0,492,82,69,24,80,11,146,23,197,24
61812,,,,32,0,291,31,27,0,33,0,160,21,71,10
61813,,,,111,0,"1,184",172,172,28,219,25,530,82,263,37
61814,,,,53,7,741,125,74,22,152,19,322,44,193,40
61815,,,,21,0,201,38,14,6,38,12,100,19,49,1
61816,,,,49,15,344,66,34,8,65,9,131,15,114,34
61817,,,,246,19,"1,809",503,226,106,359,105,656,134,568,158
61818,,,,192,10,"1,149",261,197,86,267,89,425,52,260,34
61820,,,,"21,149","3,589","14,047","7,302","5,523","3,340","2,587","1,698","3,889","1,470","2,048",794
61821,,,,"3,643",437,"20,870","8,845","5,131","2,166","4,118","1,843","7,035","2,660","4,586","2,176"
61822,,,,"1,401",248,"17,984","10,493","3,413","2,100","3,498","2,319","7,359","4,257","3,714","1,817"
61830,,,,18,0,295,96,55,12,49,15,109,35,82,34
61831,,,,2,2,116,16,11,5,13,9,49,2,43,0
61832,,,,"3,189",36,"22,303","3,345","4,120",534,"3,605",513,"8,420","1,244","6,158","1,054"
61833,,,,141,0,"1,584",120,172,27,269,19,671,57,472,17
61834,,,,717,0,"6,607",915,"1,240",190,"1,211",195,"2,467",326,"1,689",204
61839,,,,102,0,405,54,52,3,117,16,120,19,116,16
61840,,,,66,0,483,150,51,22,66,11,196,80,170,37
61841,,,,93,20,901,141,182,29,189,30,248,53,282,29
61842,,,,125,0,"2,080",499,282,118,285,76,924,176,589,129
61843,,,,233,22,"1,588",341,322,90,302,96,606,90,358,65
61844,,,,49,2,592,77,56,22,40,15,317,24,179,16
61845,,,,0,0,267,67,43,8,19,11,136,40,69,8
61846,,,,360,14,"3,440",498,479,86,671,119,"1,342",190,948,103
61847,,,,61,11,987,172,143,20,164,45,352,60,328,47
61848,,,,3,0,161,2,38,0,41,0,39,0,43,2
61849,,,,118,10,"1,313",250,199,102,257,35,515,93,342,20
61850,,,,46,0,288,50,29,2,34,4,112,1,113,43
61851,,,,18,6,252,36,29,9,60,6,101,19,62,2
61852,,,,10,0,132,16,43,9,26,0,44,6,19,1
61853,,,,"1,283",137,"8,829","3,989","1,580",860,"1,841","1,148","3,641","1,441","1,767",540
61854,,,,106,14,886,219,179,58,105,35,399,89,203,37
61855,,,,0,0,106,25,5,0,5,0,65,25,31,0
61856,,,,371,44,"5,471","1,988",934,510,904,415,"2,118",767,"1,515",296
61857,,,,10,0,98,31,21,2,7,1,61,27,9,1
61858,,,,192,6,"2,032",259,407,78,286,39,815,65,524,77
61859,,,,106,10,893,230,170,70,108,39,385,61,230,60
61862,,,,21,5,406,102,75,37,46,18,147,18,138,29
61863,,,,49,0,610,138,94,24,97,47,261,35,158,32
61864,,,,141,3,"1,200",459,156,84,214,93,506,184,324,98
61865,,,,89,2,"1,021",141,228,18,231,20,362,75,200,28
61866,,,,"1,181",38,"8,499","1,514","1,917",319,"1,583",217,"3,072",589,"1,927",389
61870,,,,86,0,931,101,174,11,128,1,445,63,184,26
61871,,,,12,0,241,68,57,35,28,9,75,16,81,8
61872,,,,14,0,472,119,30,7,55,11,192,53,195,48
61873,,,,475,32,"4,067","1,407",544,319,932,561,"1,747",281,844,246
61874,,,,"1,314",207,"5,065","3,092","1,162",941,"1,095",723,"1,330",918,"1,478",510
61875,,,,83,0,617,371,125,47,129,76,219,163,144,85
61876,,,,38,0,452,78,94,22,31,0,177,9,150,47
61877,,,,104,6,"1,206",315,238,56,232,75,496,136,240,48
61878,,,,104,0,950,173,143,17,152,50,372,42,283,64
61880,,,,330,19,"2,688",913,439,136,663,228,"1,118",403,468,146
61882,,,,18,0,505,70,53,6,62,11,228,31,162,22
61883,,,,275,0,"2,865",424,530,81,603,127,"1,055",148,677,68
61884,,,,87,0,794,303,98,50,76,76,417,153,203,24
61910,,,,458,16,"2,748",385,530,92,488,60,"1,013",105,717,128
61911,,,,459,13,"3,128",476,623,73,579,66,935,168,991,169
61912,,,,86,13,896,198,144,37,129,24,384,115,239,22
61913,,,,92,0,"1,004",118,127,10,161,28,422,64,294,16
61914,,,,54,5,"1,305",216,148,30,243,62,526,98,388,26
61917,,,,28,2,468,101,111,43,32,6,179,32,146,20
61919,,,,32,0,688,145,123,46,68,27,284,44,213,28
61920,,,,"6,801",633,"13,485","4,700","3,623","1,359","2,289",716,"4,661","1,800","2,912",825
61924,,,,163,12,"1,737",344,296,85,199,90,704,90,538,79
61925,,,,58,0,496,127,87,36,111,30,229,61,69,0
61928,,,,31,8,465,60,60,29,108,8,128,12,169,11
61929,,,,36,8,502,61,36,5,98,12,161,28,207,16
61930,,,,83,4,552,94,143,13,93,19,219,40,97,22
61931,,,,73,5,876,78,221,0,80,8,404,68,171,2
61932,,,,38,8,328,52,68,39,39,0,102,8,119,5
61933,,,,49,0,667,96,74,14,108,23,267,31,218,28
61936,,,,8,0,192,52,9,0,73,31,54,11,56,10
61937,,,,186,10,"1,321",184,224,16,243,72,589,74,265,22
61938,,,,"1,967",246,"15,187","3,104","2,535",668,"2,528",542,"5,710","1,109","4,414",785
61940,,,,6,0,195,12,10,0,54,6,91,6,40,0
61941,,,,0,0,87,0,0,0,0,0,79,0,8,0
61942,,,,43,0,728,122,60,6,140,53,303,21,225,42
61943,,,,101,5,"1,177",213,159,24,158,46,498,95,362,48
61944,,,,915,73,"8,770","1,532","1,296",210,"1,527",465,"3,444",446,"2,503",411
61949,,,,14,0,103,9,6,0,19,2,42,5,36,2
61951,,,,609,59,"5,401","1,178",983,227,823,205,"2,032",464,"1,563",282
61953,,,,467,78,"4,154",956,755,128,845,273,"1,559",424,995,131
61955,,,,10,0,132,13,9,0,26,0,72,11,25,2
61956,,,,206,17,"2,015",351,342,27,352,87,735,124,586,113
61957,,,,125,18,"1,255",146,133,16,277,21,465,63,380,46
62001,,,,115,18,"1,244",355,249,116,150,59,470,82,375,98
62002,,,,"1,965",184,"22,321","4,863","4,375",989,"3,571",786,"8,883","1,982","5,492","1,106"
62006,,,,30,0,335,66,33,27,68,16,111,15,123,8
62009,,,,106,0,"1,167",117,153,5,305,38,360,46,349,28
62010,,,,537,16,"8,154","1,779","1,618",447,"1,406",409,"3,039",604,"2,091",319
62011,,,,12,0,185,3,9,0,23,2,35,1,118,0
62012,,,,597,29,"4,671",836,522,157,821,128,"2,068",365,"1,260",186
62013,,,,31,2,498,43,101,5,81,7,173,30,143,1
62014,,,,338,14,"2,792",442,555,127,409,68,"1,208",202,620,45
62015,,,,73,0,433,95,21,0,94,31,196,48,122,16
62016,,,,326,11,"2,502",349,469,82,462,68,897,120,674,79
62017,,,,55,0,748,46,110,4,79,9,339,28,220,5
62018,,,,131,5,"2,202",183,343,44,475,68,912,57,472,14
62019,,,,3,0,259,36,23,2,27,0,141,26,68,8
62021,,,,35,0,911,263,130,42,182,115,471,51,128,55
62022,,,,48,0,911,67,131,0,133,22,340,35,307,10
62023,,,,6,0,70,18,13,1,15,6,31,9,11,2
62024,,,,778,71,"7,060","1,505","1,781",587,851,249,"2,425",325,"2,003",344
62025,,,,"7,147",619,"20,594","9,864","3,719","1,825","4,078","2,365","8,568","3,900","4,229","1,774"
62027,,,,36,0,452,58,32,0,116,38,162,8,142,12
62028,,,,572,24,455,149,75,32,13,11,136,38,231,68
62030,,,,17,0,146,15,16,0,14,0,69,0,47,15
62031,,,,33,5,594,80,82,9,64,19,246,51,202,1
62032,,,,59,6,516,55,68,23,74,4,204,28,170,0
62033,,,,251,17,"3,363",446,663,116,486,109,"1,336",181,878,40
62034,,,,982,194,"9,224","4,859","1,561","1,001","1,847","1,217","3,241","1,675","2,575",966
62035,,,,983,43,"11,985","3,271","1,824",462,"1,744",556,"4,774","1,527","3,643",726
62036,,,,51,15,581,90,3,0,48,16,267,49,263,25
62037,,,,127,0,"1,509",206,233,12,202,37,611,81,463,76
62040,,,,"2,489",175,"30,767","3,976","6,051",882,"4,943",524,"12,853","1,706","6,920",864
62044,,,,159,17,"1,604",335,156,42,265,68,702,110,481,115
62045,,,,2,0,438,71,61,25,57,22,184,20,136,4
62046,,,,43,5,445,125,126,44,115,53,94,19,110,9
62047,,,,97,0,"1,130",132,211,39,182,41,439,30,298,22
62048,,,,108,10,"1,263",102,306,39,273,30,442,18,242,15
62049,,,,680,58,"6,497","1,021","1,483",197,"1,378",198,"2,028",283,"1,608",343
62050,,,,15,0,281,10,104,0,57,5,45,5,75,0
62051,,,,29,0,577,96,54,1,54,5,330,52,139,38
62052,,,,889,48,"8,574","1,919","1,487",464,"1,509",423,"3,471",789,"2,107",243
62053,,,,67,4,324,37,34,0,43,2,143,31,104,4
62054,,,,43,11,408,66,42,14,68,9,169,26,129,17
62056,,,,596,42,"6,083","1,302",886,156,964,295,"2,547",553,"1,686",298
62058,,,,35,6,568,70,88,12,94,35,210,11,176,12
62059,,,,50,0,287,11,26,0,17,2,144,9,100,0
62060,,,,258,12,"3,024",243,691,65,489,36,"1,171",71,673,71
62061,,,,58,4,"1,202",456,268,105,234,172,347,83,353,96
62062,,,,533,77,"6,081","2,585",903,507,"1,057",718,"2,390",931,"1,731",429
62063,,,,14,2,835,140,130,12,119,1,320,75,266,52
62065,,,,41,0,62,45,0,0,0,0,49,32,13,13
62067,,,,176,11,"1,617",290,85,45,219,106,728,95,585,44
62069,,,,207,5,"2,410",326,444,60,336,47,"1,072",124,558,95
62070,,,,0,0,16,0,0,0,0,0,0,0,16,0
62074,,,,38,0,755,85,34,11,125,4,420,43,176,27
62075,,,,273,22,"2,380",338,403,59,336,69,955,79,686,131
62076,,,,2,0,101,21,33,14,0,0,28,1,40,6
62077,,,,19,0,212,18,67,10,34,5,43,3,68,0
62078,,,,8,0,69,4,9,1,14,1,38,0,8,2
62079,,,,11,0,180,19,48,0,52,0,59,19,21,0
62080,,,,175,0,"1,653",143,213,24,252,15,696,79,492,25
62081,,,,11,0,209,48,54,3,15,2,70,36,70,7
62082,,,,204,0,"1,983",186,441,20,255,18,828,111,459,37
62083,,,,26,0,97,38,0,0,27,20,53,18,17,0
62084,,,,75,3,"1,114",162,206,37,188,24,429,54,291,47
62085,,,,14,0,92,9,22,4,13,2,36,1,21,2
62086,,,,19,3,929,142,110,17,179,36,385,56,255,33
62087,,,,246,5,"1,264",60,294,12,224,10,458,32,288,6
62088,,,,561,40,"4,781",887,820,233,768,214,"1,907",249,"1,286",191
62089,,,,32,2,334,29,92,2,17,4,160,21,65,2
62090,,,,124,0,810,75,118,9,137,4,298,46,257,16
62091,,,,4,0,244,22,30,2,94,6,69,14,51,0
62092,,,,272,21,"2,060",231,244,15,332,21,917,134,567,61
62093,,,,39,0,334,23,63,10,36,2,149,8,86,3
62094,,,,115,0,714,98,63,19,139,27,312,36,200,16
62095,,,,693,16,"7,144","1,060","1,837",435,"1,242",202,"2,429",209,"1,636",214
62097,,,,178,23,"2,112",528,399,139,338,58,891,179,484,152
62098,,,,0,0,18,0,0,0,0,0,18,0,0,0
62201,,,,670,27,"3,830",94,"1,044",15,630,18,"1,429",29,727,32
62203,,,,836,14,"6,099","1,219","1,356",174,771,270,"2,184",367,"1,788",408
62204,,,,754,3,"5,228",349,"1,127",64,915,64,"2,114",140,"1,072",81
62205,,,,440,8,"5,623",778,708,8,678,63,"2,291",436,"1,946",271
62206,,,,"1,281",1,"9,494",969,"2,018",94,"2,198",397,"3,712",293,"1,566",185
62207,,,,"1,046",43,"5,552",386,"1,240",63,"1,008",71,"1,921",152,"1,383",100
62208,,,,"1,574",228,"11,566","3,884","2,363","1,012","2,196",858,"4,425","1,236","2,582",778
62214,,,,76,7,942,188,200,85,172,20,338,38,232,45
62215,,,,132,32,"1,331",412,295,107,276,128,495,135,265,42
62216,,,,156,42,"1,951",557,413,140,389,161,758,209,391,47
62217,,,,67,2,541,40,136,11,72,7,205,21,128,1
62218,,,,114,11,"1,124",326,169,77,264,113,487,102,204,34
62219,,,,47,0,848,98,180,24,177,19,254,40,237,15
62220,,,,"1,361",89,"12,515","3,418","2,853",796,"2,341",787,"4,597","1,280","2,724",555
62221,,,,"2,584",296,"20,768","7,137","4,059","1,386","4,171","1,750","8,367","3,044","4,171",957
62223,,,,944,75,"11,822","3,611","2,016",546,"1,882",689,"4,754","1,499","3,170",877
62225,,,,982,61,"2,275","1,118",938,295,664,363,639,460,34,0
62226,,,,"2,696",229,"20,562","6,403","4,273","1,543","2,950","1,143","8,546","2,680","4,793","1,037"
62230,,,,403,87,"4,566","1,101",913,354,770,314,"1,801",309,"1,082",124
62231,,,,692,42,"5,192","1,136",672,154,990,301,"2,110",476,"1,420",205
62232,,,,553,19,"4,490",971,767,120,"1,202",400,"1,763",260,758,191
62233,,,,813,0,"7,559",746,"1,723",95,"1,541",162,"2,772",262,"1,523",227
62234,,,,"2,530",407,"23,083","6,046","4,752","1,334","4,306","1,279","8,751","2,290","5,274","1,143"
62236,,,,695,50,"9,943","4,420","1,612","1,062","1,947","1,139","4,049","1,699","2,335",520
62237,,,,199,22,"1,786",307,183,44,247,47,693,117,663,99
62238,,,,42,0,425,16,78,5,101,3,143,3,103,5
62239,,,,393,0,"3,251",336,407,56,722,115,"1,220",115,902,50
62240,,,,100,0,"1,057",66,267,21,215,1,357,6,218,38
62241,,,,26,0,684,50,97,12,69,1,341,9,177,28
62242,,,,97,0,991,221,148,25,116,14,354,75,373,107
62243,,,,217,33,"4,251","1,503",551,215,739,357,"1,787",620,"1,174",311
62244,,,,23,2,770,161,91,46,87,4,360,83,232,28
62245,,,,146,51,"1,302",259,241,93,190,61,546,73,325,32
62246,,,,"1,460",17,"6,891","1,861","1,063",168,"1,390",414,"2,603",686,"1,835",593
62248,,,,27,0,261,38,76,16,54,10,76,10,55,2
62249,,,,"1,011",111,"10,874","3,175","2,016",827,"2,036",734,"4,102","1,201","2,720",413
62250,,,,39,0,323,42,69,5,48,8,105,27,101,2
62253,,,,19,0,421,34,24,4,57,1,178,23,162,6
62254,,,,784,77,"4,332","1,411",727,220,632,363,"1,618",582,"1,355",246
62255,,,,70,23,794,180,152,43,125,12,374,97,143,28
62257,,,,148,8,"1,928",211,296,14,216,36,836,70,580,91
62258,,,,645,96,"6,248","1,888",937,244,"1,523",569,"2,507",800,"1,281",275
62260,,,,641,18,"5,412","1,661",911,452,874,230,"2,464",712,"1,163",267
62261,,,,0,0,52,7,0,0,0,0,20,0,32,7
62262,,,,71,2,"1,239",116,140,4,159,31,527,59,413,22
62263,,,,278,0,"3,739",910,566,271,655,185,"1,535",278,983,176
62264,,,,173,9,"2,616",330,507,33,469,57,"1,089",130,551,110
62265,,,,187,20,"3,013",815,698,283,250,144,"1,358",292,707,96
62266,,,,18,0,50,17,0,0,34,17,16,0,0,0
62268,,,,97,7,543,142,55,12,90,31,216,55,182,44
62269,,,,"2,314",236,"20,774","9,687","3,561","1,837","4,770","2,449","8,401","4,088","4,042","1,313"
62271,,,,149,10,"1,395",409,227,90,249,102,513,159,406,58
62272,,,,181,0,"1,122",65,182,22,186,18,480,18,274,7
62273,,,,8,0,114,26,27,16,11,0,61,6,15,4
62274,,,,593,38,"5,874",559,"1,507",112,"1,161",147,"2,104",165,"1,102",135
62275,,,,170,3,"2,737",542,604,200,457,55,"1,094",226,582,61
62277,,,,65,9,875,98,88,4,174,13,387,44,226,37
62278,,,,561,50,"4,554",800,740,149,640,113,"1,845",302,"1,329",236
62279,,,,0,0,0,0,0,0,0,0,0,0,0,0
62280,,,,14,0,387,76,38,16,115,0,177,60,57,0
62281,,,,92,20,"1,867",720,543,277,273,158,772,209,279,76
62282,,,,22,2,301,46,24,2,51,7,114,30,112,7
62284,,,,20,0,401,65,93,17,45,8,146,4,117,36
62285,,,,304,40,"3,171","1,054",526,152,572,344,"1,348",468,725,90
62286,,,,680,63,"4,249",874,677,117,853,251,"1,582",321,"1,137",185
62288,,,,215,0,"1,992",361,380,64,322,68,711,148,579,81
62289,,,,25,0,210,21,29,0,35,8,96,9,50,4
62292,,,,68,7,642,53,101,23,129,6,264,18,148,6
62293,,,,414,49,"3,072","1,042",532,176,471,261,"1,297",447,772,158
62294,,,,841,151,"9,837","3,683","1,891",781,"1,905","1,095","4,356","1,490","1,685",317
62295,,,,126,6,"1,012",278,172,72,213,72,413,116,214,18
62297,,,,0,0,349,11,19,0,39,0,179,11,112,0
62298,,,,"1,361",117,"11,845","3,586","1,786",905,"2,181",754,"4,942","1,433","2,936",494
62301,,,,"3,065",335,"22,380","4,801","4,336","1,119","3,909",891,"7,665","1,722","6,470","1,069"
62305,,,,"1,073",75,"13,772","4,553","2,014",823,"2,052","1,038","5,504","1,619","4,202","1,073"
62311,,,,52,2,535,68,159,20,47,2,195,40,134,6
62312,,,,152,24,"1,356",216,256,31,204,44,437,30,459,111
62313,,,,15,0,310,31,1,0,69,0,82,10,158,21
62314,,,,49,0,292,47,68,2,34,0,120,33,70,12
62316,,,,29,1,442,62,93,16,63,24,193,11,93,11
62319,,,,0,0,193,26,4,0,12,4,101,22,76,0
62320,,,,145,6,"1,692",326,320,90,324,57,747,134,301,45
62321,,,,187,8,"2,859",789,341,128,460,164,"1,102",242,956,255
62323,,,,7,0,174,40,21,16,31,0,63,10,59,14
62324,,,,82,23,779,54,101,19,124,11,275,11,279,13
62325,,,,35,0,350,47,67,8,53,17,156,12,74,10
62326,,,,165,9,"1,760",404,279,106,384,95,641,128,456,75
62330,,,,99,0,"1,298",274,190,73,223,49,526,91,359,61
62334,,,,17,2,109,2,9,0,12,0,58,1,30,1
62336,,,,2,0,17,5,1,1,2,0,8,4,6,0
62338,,,,125,28,913,261,114,82,199,50,359,121,241,8
62339,,,,48,0,596,122,61,8,107,23,239,50,189,41
62340,,,,166,3,"1,295",218,209,41,146,28,558,88,382,61
62341,,,,403,0,"2,389",576,291,83,297,97,"1,027",252,774,144
62343,,,,38,2,597,118,186,46,92,31,171,28,148,13
62344,,,,0,0,5,2,0,0,0,0,2,2,3,0
62345,,,,20,0,283,63,44,25,31,5,100,28,108,5
62346,,,,6,0,135,46,30,22,11,0,33,9,61,15
62347,,,,57,0,"1,312",252,221,93,231,62,596,93,264,4
62348,,,,8,0,116,22,14,5,23,2,67,10,12,5
62349,,,,14,0,494,71,94,24,109,13,169,10,122,24
62351,,,,99,10,"1,208",319,199,91,148,57,517,133,344,38
62352,,,,24,0,193,13,37,10,7,0,78,3,71,0
62353,,,,589,52,"3,777",575,964,191,893,133,"1,333",173,587,78
62354,,,,80,12,"1,151",238,115,6,218,22,383,91,435,119
62355,,,,48,0,528,41,40,0,105,17,189,12,194,12
62356,,,,21,0,303,11,69,7,23,2,162,2,49,0
62357,,,,66,0,267,23,47,5,47,0,88,0,85,18
62358,,,,42,0,422,94,65,19,68,11,158,31,131,33
62359,,,,20,0,101,11,21,11,9,0,29,0,42,0
62360,,,,135,7,"1,097",354,235,79,155,50,451,125,256,100
62361,,,,35,0,274,32,20,0,39,0,137,26,78,6
62362,,,,9,0,243,35,27,5,26,3,90,10,100,17
62363,,,,392,40,"4,041",962,700,148,704,158,"1,469",358,"1,168",298
62365,,,,47,3,323,50,45,2,65,16,102,9,111,23
62366,,,,106,0,"1,141",190,115,16,262,37,469,105,295,32
62367,,,,110,0,742,89,75,0,68,5,300,31,299,53
62370,,,,77,8,236,27,19,3,23,0,140,24,54,0
62373,,,,29,13,165,43,13,13,6,6,100,20,46,4
62374,,,,11,0,308,49,84,18,18,0,122,19,84,12
62375,,,,16,4,220,24,8,3,40,3,93,14,79,4
62376,,,,67,3,773,186,176,57,95,20,320,82,182,27
62378,,,,18,0,844,85,135,0,109,23,321,17,279,45
62379,,,,52,2,"1,387",318,254,98,196,32,559,147,378,41
62380,,,,88,0,282,12,79,0,82,9,80,3,41,0
62401,,,,"1,433",160,"13,191","3,342","2,749",801,"2,092",654,"4,953","1,328","3,397",559
62410,,,,112,1,815,154,161,55,191,18,280,49,183,32
62411,,,,259,8,"2,852",537,481,97,569,105,"1,030",233,772,102
62413,,,,7,0,203,62,45,19,40,20,54,18,64,5
62414,,,,153,40,"1,249",141,182,38,288,22,472,12,307,69
62417,,,,186,7,"2,097",147,270,23,363,41,918,45,546,38
62418,,,,146,3,"1,472",134,318,31,297,61,512,8,345,34
62419,,,,16,0,153,10,16,0,20,0,67,7,50,3
62420,,,,401,3,"3,244",662,486,124,465,145,"1,314",253,979,140
62421,,,,27,0,404,67,55,9,53,31,183,21,113,6
62422,,,,86,21,732,55,82,3,146,24,310,14,194,14
62423,,,,0,0,432,229,78,73,108,103,149,20,97,33
62424,,,,154,25,"1,489",296,315,101,250,90,632,89,292,16
62425,,,,17,0,341,117,9,9,65,8,231,93,36,7
62426,,,,70,0,666,23,112,7,113,3,195,4,246,9
62427,,,,121,0,"1,258",173,190,40,234,73,611,47,223,13
62428,,,,167,29,"2,002",340,287,61,413,101,751,100,551,78
62431,,,,67,13,703,54,118,23,105,27,250,1,230,3
62432,,,,42,0,338,34,43,5,82,13,117,1,96,15
62433,,,,71,2,728,141,97,24,108,22,359,82,164,13
62434,,,,14,0,292,48,41,0,26,14,85,5,140,29
62436,,,,70,0,551,45,126,0,36,2,207,23,182,20
62438,,,,0,0,219,40,46,22,52,0,72,8,49,10
62439,,,,523,6,"5,273","1,114",633,149,982,189,"1,944",288,"1,714",488
62440,,,,90,2,919,226,87,17,176,36,390,113,266,60
62441,,,,420,58,"4,849",977,815,234,709,186,"1,903",320,"1,422",237
62442,,,,189,16,"1,765",310,255,75,346,67,718,82,446,86
62443,,,,162,23,"1,025",149,79,9,186,36,494,69,266,35
62444,,,,18,0,292,62,50,0,62,31,76,16,104,15
62445,,,,59,1,929,95,187,13,172,39,351,30,219,13
62446,,,,25,0,283,34,46,0,27,6,113,16,97,12
62447,,,,273,27,"2,344",397,348,62,386,132,897,68,713,135
62448,,,,338,41,"3,890",664,515,104,634,100,"1,596",300,"1,145",160
62449,,,,223,7,"2,025",338,310,55,257,75,774,98,684,110
62450,,,,917,27,"8,556","1,845","1,418",319,"1,356",366,"3,163",736,"2,619",424
62451,,,,119,3,"1,433",201,208,41,164,57,565,49,496,54
62452,,,,27,0,226,16,20,3,40,2,111,9,55,2
62454,,,,891,92,"8,209","1,498","1,822",396,"1,657",271,"2,826",491,"1,904",340
62458,,,,244,62,"1,449",128,188,14,162,10,633,58,466,46
62459,,,,27,0,217,29,67,20,42,0,70,7,38,2
62460,,,,43,0,910,125,172,55,154,7,303,23,281,40
62461,,,,25,4,544,83,72,15,100,32,180,32,192,4
62462,,,,45,6,621,120,139,26,159,45,154,31,169,18
62463,,,,86,22,840,151,113,24,185,46,317,59,225,22
62465,,,,79,3,685,231,129,59,76,14,291,106,189,52
62466,,,,550,16,"3,500",320,"1,182",109,626,68,"1,191",63,501,80
62467,,,,423,64,"2,797",768,603,209,464,197,"1,197",253,533,109
62468,,,,119,16,"1,836",233,363,43,248,43,838,124,387,23
62469,,,,21,0,384,55,55,10,115,28,112,8,102,9
62471,,,,"1,002",23,"7,393",830,"1,540",192,"1,340",185,"2,852",238,"1,661",215
62473,,,,73,3,909,86,107,0,133,21,394,65,275,0
62474,,,,84,7,636,105,122,33,50,6,263,56,201,10
62475,,,,64,0,321,68,77,5,23,23,194,30,27,10
62476,,,,134,13,"1,083",123,138,14,162,22,490,56,293,31
62477,,,,69,0,508,80,49,0,103,18,214,34,142,28
62478,,,,14,0,300,32,20,6,65,3,160,21,55,2
62479,,,,56,0,591,162,146,34,183,93,148,35,114,0
62480,,,,25,0,407,46,42,0,39,14,203,0,123,32
62481,,,,28,0,306,15,23,3,56,2,153,10,74,0
62501,,,,333,37,"1,615",326,208,46,309,52,688,191,410,37
62510,,,,123,4,"1,014",218,95,11,199,53,384,57,336,97
62512,,,,46,13,285,36,50,13,70,0,78,6,87,17
62513,,,,121,9,"1,065",185,154,6,187,52,457,113,267,14
62514,,,,25,0,187,15,37,0,48,0,93,11,9,4
62515,,,,51,0,802,207,69,10,187,72,367,58,179,67
62517,,,,24,0,136,8,28,1,35,1,43,5,30,1
62518,,,,10,0,137,0,31,0,0,0,66,0,40,0
62519,,,,0,0,90,24,49,24,0,0,26,0,15,0
62520,,,,117,4,"1,188",282,164,6,108,24,583,174,333,78
62521,,,,"2,439",176,"24,795","5,515","4,319","1,056","3,641",913,"9,404","1,883","7,431","1,663"
62522,,,,"2,056",62,"10,001","2,464","2,032",503,"1,532",462,"4,048",901,"2,389",598
62523,,,,153,0,935,43,339,16,213,0,302,23,81,4
62526,,,,"2,847",221,"22,709","3,808","3,927",694,"3,771",673,"8,044","1,430","6,967","1,011"
62530,,,,183,22,923,177,126,24,157,41,396,68,244,44
62531,,,,85,20,"1,227",206,244,40,216,76,456,65,311,25
62532,,,,0,0,70,5,0,0,13,0,33,5,24,0
62533,,,,67,8,533,109,74,29,85,12,242,41,132,27
62534,,,,105,26,944,157,157,49,150,25,399,63,238,20
62535,,,,194,30,"1,984","1,070",180,129,437,287,747,473,620,181
62536,,,,14,0,544,150,42,0,96,0,254,79,152,71
62537,,,,16,11,52,7,0,0,5,0,38,7,9,0
62538,,,,46,0,388,47,45,10,49,4,154,20,140,13
62539,,,,68,0,869,101,136,19,137,12,340,37,256,33
62540,,,,204,4,"1,047",82,171,37,185,15,469,12,222,18
62541,,,,0,0,21,0,0,0,0,0,9,0,12,0
62543,,,,98,0,312,56,33,4,31,4,167,40,81,8
62544,,,,112,15,"1,197",227,220,84,138,15,516,103,323,25
62545,,,,85,23,917,212,174,99,197,30,321,73,225,10
62546,,,,133,25,"1,155",209,261,44,136,51,506,73,252,41
62547,,,,47,0,665,89,94,15,193,32,230,31,148,11
62548,,,,164,10,"1,703",390,211,78,328,110,624,131,540,71
62549,,,,460,47,"4,010","1,402",509,269,"1,056",498,"1,554",454,891,181
62550,,,,176,8,"1,949",415,270,105,311,53,794,168,574,89
62551,,,,44,0,536,94,90,17,69,13,206,26,171,38
62553,,,,13,0,361,41,25,6,66,16,179,1,91,18
62554,,,,57,0,930,196,151,46,157,47,338,84,284,19
62555,,,,42,0,331,69,29,2,49,14,131,27,122,26
62556,,,,40,0,248,34,16,4,33,5,126,22,73,3
62557,,,,560,79,"5,018",739,791,179,668,147,"1,872",189,"1,687",224
62558,,,,304,35,"2,272",499,397,105,435,124,923,195,517,75
62560,,,,91,14,965,196,174,57,110,18,440,93,241,28
62561,,,,273,15,"3,833",800,628,197,687,130,"1,708",342,810,131
62563,,,,204,21,"3,699","1,943",521,264,538,352,"1,624",866,"1,016",461
62565,,,,556,25,"5,134",972,752,224,569,118,"2,036",376,"1,777",254
62567,,,,108,29,730,158,125,26,105,27,316,73,184,32
62568,,,,"1,040",78,"11,755","2,158","2,022",391,"2,168",432,"4,592",812,"2,973",523
62570,,,,28,0,295,38,31,11,69,10,126,10,69,7
62571,,,,169,0,"1,084",115,191,21,118,19,441,59,334,16
62572,,,,37,1,346,40,33,2,61,8,172,19,80,11
62573,,,,226,10,"1,094",300,142,42,222,52,432,81,298,125
62601,,,,20,6,218,57,29,15,33,6,110,24,46,12
62610,,,,9,1,92,7,7,4,13,2,42,1,30,0
62611,,,,61,6,828,163,163,63,138,30,321,37,206,33
62612,,,,176,9,"1,322",292,196,68,166,32,569,106,391,86
62613,,,,269,62,"2,545",758,383,189,563,226,"1,088",201,511,142
62615,,,,409,46,"3,868",836,978,297,623,176,"1,471",209,796,154
62617,,,,20,0,518,44,58,5,99,6,222,32,139,1
62618,,,,558,0,"4,813",561,954,160,917,124,"1,802",173,"1,140",104
62621,,,,97,2,880,140,128,30,174,17,351,68,227,25
62622,,,,0,0,32,6,0,0,5,0,17,6,10,0
62624,,,,31,0,316,38,23,0,42,16,166,12,85,10
62625,,,,45,3,641,234,4,0,79,21,252,98,306,115
62626,,,,993,115,"4,995","1,447",695,225,947,330,"1,767",528,"1,586",364
62627,,,,93,9,556,76,61,3,103,32,284,18,108,23
62628,,,,85,0,485,96,96,31,85,20,166,18,138,27
62629,,,,"1,185",248,"9,328","4,548","1,838",859,"2,281","1,398","3,519","1,665","1,690",626
62630,,,,19,2,323,58,89,6,19,5,171,17,44,30
62631,,,,9,0,205,19,21,0,10,5,90,10,84,4
62633,,,,38,0,416,34,32,1,64,5,177,6,143,22
62634,,,,66,10,551,193,103,54,123,55,202,36,123,48
62635,,,,17,0,457,111,94,39,77,27,105,12,181,33
62638,,,,53,12,913,161,133,48,150,49,419,47,211,17
62639,,,,33,0,204,71,8,0,38,15,43,14,115,42
62640,,,,262,43,"2,593",486,349,42,418,152,"1,011",215,815,77
62642,,,,69,6,918,123,144,22,198,23,393,58,183,20
62643,,,,55,1,321,53,52,8,42,6,156,27,71,12
62644,,,,279,22,"3,633",588,579,82,531,116,"1,312",217,"1,211",173
62649,,,,46,0,366,44,74,31,84,5,154,8,54,0
62650,,,,"3,436",189,"18,215","3,609","3,366",712,"3,090",896,"6,698","1,243","5,061",758
62655,,,,10,0,293,25,31,8,41,17,161,0,60,0
62656,,,,"2,235",242,"13,730","2,629","2,806",463,"2,544",454,"4,967",950,"3,413",762
62661,,,,165,3,"1,034",215,249,58,187,11,423,130,175,16
62663,,,,29,3,175,20,17,0,14,2,99,15,45,3
62664,,,,270,4,"2,276",395,267,70,423,93,876,150,710,82
62665,,,,87,6,"1,000",110,131,34,193,28,377,18,299,30
62666,,,,25,5,425,55,75,8,61,7,171,36,118,4
62667,,,,17,3,376,65,41,28,48,9,134,20,153,8
62668,,,,70,16,"1,051",199,121,31,163,33,421,62,346,73
62670,,,,150,4,"1,889",692,276,120,395,199,706,238,512,135
62671,,,,57,8,398,78,86,28,54,9,189,31,69,10
62672,,,,3,0,151,5,5,0,20,2,69,1,57,2
62673,,,,14,2,308,10,81,3,31,4,117,0,79,3
62674,,,,55,4,"1,061",138,51,6,212,41,451,41,347,50
62675,,,,471,38,"4,427","1,098",576,116,632,148,"1,815",416,"1,404",418
62677,,,,103,0,"1,723",456,142,60,293,91,789,207,499,98
62681,,,,309,41,"4,105",840,634,177,757,216,"1,616",234,"1,098",213
62682,,,,72,6,689,150,120,37,113,26,321,72,135,15
62684,,,,380,29,"3,951","1,880",458,193,798,544,"1,566",749,"1,129",394
62685,,,,83,0,"1,669",383,239,78,262,98,723,138,445,69
62688,,,,51,1,523,106,48,29,82,23,203,31,190,23
62689,,,,49,8,385,65,124,38,63,6,118,14,80,7
62690,,,,248,11,"2,769",537,386,66,514,89,"1,150",294,719,88
62691,,,,156,6,"1,441",285,259,71,191,48,581,111,410,55
62692,,,,159,12,"1,441",253,314,83,211,51,478,65,438,54
62693,,,,150,19,"1,029",316,169,35,205,67,484,164,171,50
62694,,,,211,16,"2,169",377,286,35,339,80,930,149,614,113
62695,,,,3,0,164,30,26,15,29,6,48,2,61,7
62701,,,,89,16,997,294,363,122,185,79,394,83,55,10
62702,,,,"2,519",96,"23,638","4,576","4,610","1,135","3,894",815,"9,073","1,352","6,061","1,274"
62703,,,,"3,444",268,"19,147","3,795","4,508","1,143","3,424",603,"6,837","1,221","4,378",828
62704,,,,"3,739",649,"28,898","13,027","5,988","2,962","5,075","2,342","10,501","4,483","7,334","3,240"
62707,,,,493,51,"5,249","1,096",852,181,646,229,"2,460",520,"1,291",166
62711,,,,753,137,"12,506","6,998","1,269",862,"1,849","1,301","5,254","3,153","4,134","1,682"
62712,,,,"1,058",422,"7,161","3,666",877,553,"1,475",856,"3,197","1,582","1,612",675
62801,,,,"1,800",41,"14,935","1,937","2,576",309,"2,755",269,"5,702",804,"3,902",555
62803,,,,142,1,656,145,125,35,146,46,204,40,181,24
62806,,,,210,19,"2,385",339,301,58,427,99,871,80,786,102
62807,,,,66,0,541,87,65,2,125,33,191,40,160,12
62808,,,,68,9,"1,036",114,186,9,158,29,399,43,293,33
62809,,,,0,0,104,25,7,4,35,15,49,6,13,0
62810,,,,59,2,594,102,94,15,78,19,233,28,189,40
62811,,,,13,0,173,8,28,1,32,0,78,3,35,4
62812,,,,696,30,"7,796","1,648","1,338",260,"1,317",270,"2,811",567,"2,330",551
62814,,,,176,2,"1,338",156,177,28,253,30,608,72,300,26
62815,,,,10,0,224,9,17,0,34,4,132,4,41,1
62816,,,,74,4,938,101,137,26,167,32,357,21,277,22
62817,,,,37,0,373,93,8,0,36,22,260,62,69,9
62818,,,,8,0,207,30,34,2,9,4,96,13,68,11
62819,,,,48,7,269,26,45,9,53,2,95,7,76,8
62820,,,,38,10,105,14,8,0,25,5,33,0,39,9
62821,,,,409,35,"5,272",977,789,166,803,196,"2,008",395,"1,672",220
62822,,,,213,18,"2,000",305,426,37,343,108,673,100,558,60
62823,,,,157,10,"1,220",150,160,66,142,20,539,53,379,11
62824,,,,193,6,"1,238",186,291,72,143,39,564,55,240,20
62825,,,,32,0,122,11,18,2,11,0,70,9,23,0
62827,,,,78,0,865,80,126,18,116,9,368,36,255,17
62828,,,,93,0,827,222,81,27,168,73,345,95,233,27
62829,,,,0,0,21,0,21,0,0,0,0,0,0,0
62830,,,,57,2,929,120,150,6,153,54,351,33,275,27
62831,,,,13,8,324,34,39,0,9,2,170,19,106,13
62832,,,,749,41,"6,240",962,921,121,"1,142",148,"2,258",426,"1,919",267
62833,,,,9,0,308,95,69,15,45,45,138,22,56,13
62835,,,,46,0,701,88,107,11,107,45,195,32,292,0
62836,,,,52,2,528,160,72,19,104,34,231,71,121,36
62837,,,,696,48,"6,209","1,000",913,179,930,124,"2,448",466,"1,918",231
62838,,,,83,17,"1,290",129,273,66,187,36,425,13,405,14
62839,,,,453,22,"4,436",744,490,159,857,160,"1,817",270,"1,272",155
62841,,,,5,0,95,2,26,0,12,0,20,2,37,0
62842,,,,57,3,525,102,66,12,146,49,151,16,162,25
62843,,,,4,0,132,18,39,18,33,0,41,0,19,0
62844,,,,147,12,"1,450",186,290,55,229,58,525,36,406,37
62846,,,,298,2,"2,160",52,566,10,555,13,727,21,312,8
62848,,,,55,3,483,44,91,4,76,7,187,22,129,11
62849,,,,157,4,"1,445",169,232,40,234,46,579,40,400,43
62850,,,,39,0,235,20,41,13,15,0,97,1,82,6
62851,,,,0,0,109,25,8,0,26,0,36,25,39,0
62852,,,,0,0,53,1,0,0,4,1,27,0,22,0
62853,,,,83,2,617,111,85,37,89,24,278,35,165,15
62854,,,,104,10,"1,052",129,102,5,177,0,480,89,293,35
62856,,,,21,0,260,8,38,4,54,0,113,4,55,0
62858,,,,158,31,"1,988",357,426,102,338,79,702,84,522,92
62859,,,,401,53,"4,154",580,654,163,645,160,"1,496",174,"1,359",83
62860,,,,41,0,401,57,20,2,154,23,95,25,132,7
62861,,,,22,0,113,3,17,3,30,0,45,0,21,0
62862,,,,22,4,264,43,48,8,31,1,88,10,97,24
62863,,,,681,48,"6,955","1,313","1,106",264,"1,073",196,"2,706",553,"2,070",300
62864,,,,"1,948",61,"16,231","3,493","2,911",663,"2,603",698,"6,024","1,275","4,693",857
62865,,,,50,0,"1,489",377,219,78,220,51,714,178,336,70
62867,,,,43,11,372,21,51,8,67,6,156,3,98,4
62868,,,,122,4,"1,283",259,243,26,284,104,429,56,327,73
62869,,,,207,4,"1,691",250,319,39,236,44,778,110,358,57
62870,,,,168,0,"1,565",143,216,31,242,25,640,49,467,38
62871,,,,28,0,479,37,64,7,98,2,154,16,163,12
62872,,,,106,3,681,49,111,15,123,14,257,13,190,7
62874,,,,24,0,345,24,36,11,63,0,160,7,86,6
62875,,,,57,3,833,127,127,39,120,24,376,42,210,22
62876,,,,5,0,154,11,37,2,18,3,56,2,43,4
62877,,,,27,0,380,51,53,9,51,15,166,6,110,21
62878,,,,19,0,334,39,65,0,83,14,106,25,80,0
62879,,,,3,0,62,0,10,0,3,0,33,0,16,0
62880,,,,46,1,476,132,68,23,102,17,118,0,188,92
62881,,,,713,118,"7,568","1,302","1,581",264,"1,244",203,"2,690",511,"2,053",324
62882,,,,255,3,"1,587",145,274,36,219,28,723,53,371,28
62883,,,,30,0,549,82,37,7,113,4,281,45,118,26
62884,,,,169,5,"1,979",368,256,95,295,95,894,110,534,68
62885,,,,83,8,479,105,91,30,45,0,244,70,99,5
62886,,,,18,0,176,13,21,0,62,0,49,9,44,4
62887,,,,65,0,276,74,75,65,90,5,80,3,31,1
62888,,,,163,16,"1,456",169,140,23,247,34,656,82,413,30
62889,,,,74,0,593,136,38,11,84,9,319,87,152,29
62890,,,,157,10,"1,976",240,323,66,492,48,734,79,427,47
62891,,,,25,2,465,58,58,0,70,22,181,23,156,13
62892,,,,80,0,245,50,15,0,28,11,143,39,59,0
62893,,,,73,0,774,124,109,24,162,23,276,29,227,48
62894,,,,82,2,722,100,104,1,166,41,246,44,206,14
62895,,,,95,0,"1,351",172,226,63,187,10,468,45,470,54
62896,,,,"1,039",15,"8,370","1,029","1,444",214,"1,188",201,"3,239",430,"2,499",184
62897,,,,23,0,316,62,62,0,69,24,97,22,88,16
62898,,,,153,2,"1,473",352,245,44,260,82,705,176,263,50
62899,,,,94,0,"1,184",134,358,42,97,39,368,48,361,5
62901,,,,"9,055","1,185","13,572","6,100","4,091","1,855","2,325","1,269","4,227","1,567","2,929","1,409"
62902,,,,523,132,"3,079","1,314",752,324,356,164,"1,310",558,661,268
62903,,,,962,164,"1,507",826,306,175,290,137,500,298,411,216
62905,,,,19,0,491,98,87,12,67,6,175,28,162,52
62906,,,,455,38,"4,836","1,069",711,152,608,132,"1,952",372,"1,565",413
62907,,,,160,15,"1,369",207,133,28,222,38,543,40,471,101
62908,,,,34,10,351,79,71,0,51,34,151,26,78,19
62910,,,,201,0,"1,812",126,319,13,241,45,718,52,534,16
62912,,,,135,0,801,132,153,25,134,15,309,66,205,26
62914,,,,113,0,"1,703",276,376,48,210,52,657,101,460,75
62915,,,,3,3,275,18,74,6,64,3,95,9,42,0
62916,,,,107,8,632,117,118,29,106,38,245,19,163,31
62917,,,,123,0,"1,529",162,295,34,189,24,554,59,491,45
62918,,,,869,33,"6,847","2,783","1,136",464,"1,467",783,"2,437",952,"1,807",584
62919,,,,105,0,806,52,103,5,136,12,301,18,266,17
62920,,,,216,7,"2,414",680,381,121,401,113,939,290,693,156
62921,,,,14,0,219,11,33,1,60,0,108,4,18,6
62922,,,,148,19,"2,116",467,300,62,193,14,882,232,741,159
62923,,,,29,5,305,18,36,3,67,1,95,5,107,9
62924,,,,204,17,"2,058",445,386,116,389,97,834,162,449,70
62926,,,,184,0,"1,493",228,284,14,276,53,580,84,353,77
62927,,,,40,0,255,8,64,0,49,0,89,7,53,1
62928,,,,2,0,170,1,22,0,46,0,51,0,51,1
62930,,,,441,0,"4,356",846,833,188,652,205,"1,613",247,"1,258",206
62931,,,,119,0,"1,112",177,147,65,132,24,460,30,373,58
62932,,,,141,0,957,124,209,27,104,17,408,39,236,41
62933,,,,99,15,915,150,160,23,88,13,359,85,308,29
62934,,,,35,0,600,70,52,0,107,2,245,41,196,27
62935,,,,129,6,"1,405",326,230,53,280,86,478,102,417,85
62938,,,,134,0,"2,417",339,198,49,324,42,"1,154",93,741,155
62939,,,,197,0,"2,181",532,244,71,333,149,798,196,806,116
62940,,,,37,0,197,19,14,0,40,4,79,6,64,9
62941,,,,66,0,519,32,64,5,95,6,176,12,184,9
62942,,,,71,20,421,28,59,2,69,0,198,14,95,12
62943,,,,31,9,297,62,12,0,27,10,176,52,82,0
62946,,,,808,13,"8,986","1,806","1,546",402,"1,346",243,"3,674",717,"2,420",444
62947,,,,0,0,429,29,60,0,98,5,55,10,216,14
62948,,,,"1,207",41,"8,957","2,010","1,747",550,"1,568",261,"3,509",779,"2,133",420
62949,,,,48,0,531,46,102,9,73,10,211,16,145,11
62950,,,,0,0,141,27,26,12,29,0,44,15,42,0
62951,,,,344,0,"3,379",480,383,137,674,125,"1,400",178,922,40
62952,,,,159,2,"2,328",426,363,77,409,96,862,115,694,138
62953,,,,28,0,174,7,46,0,16,0,72,6,40,1
62954,,,,14,12,360,19,58,2,51,0,114,7,137,10
62956,,,,96,1,598,40,148,0,27,2,167,11,256,27
62957,,,,35,0,604,91,71,25,115,4,292,56,126,6
62958,,,,123,12,"1,577",695,204,77,267,122,717,346,389,150
62959,,,,"1,803",117,"20,425","4,796","4,114",837,"3,632",899,"7,086","1,825","5,593","1,235"
62960,,,,731,30,"7,556","1,166",978,131,"1,380",448,"2,895",373,"2,303",214
62961,,,,6,0,21,8,2,2,10,6,9,0,0,0
62962,,,,0,0,0,0,0,0,0,0,0,0,0,0
62963,,,,99,0,478,36,99,6,91,1,210,11,78,18
62964,,,,31,0,863,118,143,6,66,0,389,66,265,46
62965,,,,16,0,68,18,8,0,18,16,37,2,5,0
62966,,,,953,106,"10,581","2,573","2,059",484,"1,915",452,"3,843",931,"2,764",706
62967,,,,6,0,195,16,7,1,48,3,54,0,86,12
62969,,,,44,0,331,14,23,4,98,0,79,5,131,5
62970,,,,28,4,498,42,93,9,68,8,189,6,148,19
62972,,,,121,17,639,104,108,31,37,11,331,46,163,16
62974,,,,123,0,"1,062",209,132,14,228,95,465,84,237,16
62975,,,,21,0,148,27,54,0,0,0,51,0,43,27
62976,,,,37,0,287,42,48,24,33,0,136,16,70,2
62977,,,,70,0,457,83,72,13,132,41,166,8,87,21
62979,,,,80,0,765,130,140,63,127,22,266,20,232,25
62982,,,,48,0,635,62,74,26,117,9,256,24,188,3
62983,,,,94,4,"1,095",208,103,28,238,73,432,104,322,3
62984,,,,110,0,"1,137",122,169,19,175,16,401,53,392,34
62985,,,,34,0,454,76,45,19,42,18,210,33,157,6
62987,,,,196,15,971,102,130,17,195,19,255,5,391,61
62988,,,,83,0,"1,172",132,162,3,134,24,573,82,303,23
62990,,,,31,0,587,67,83,12,68,18,204,13,232,24
62992,,,,55,0,537,123,54,28,124,37,223,41,136,17
62994,,,,45,0,485,67,88,30,79,9,186,5,132,23
62995,,,,553,11,"4,536",532,"1,095",101,901,137,"1,592",172,948,122
62996,,,,45,0,365,78,38,9,82,0,138,34,107,35
62997,,,,80,0,346,26,42,0,116,18,149,2,39,6
62998,,,,0,0,239,41,45,0,68,23,101,11,25,7
62999,,,,144,2,"1,172",103,245,17,207,24,338,41,382,21
63673,,,,112,0,"1,286",141,132,22,196,37,594,40,364,42
